{"resourceType":"ImplementationGuide","id":"ndhm.in","text":{"status":"extensions","div":"<div xmlns=\"http://www.w3.org/1999/xhtml\"><h2>FHIR Implementation Guide for ABDM</h2><p>The official URL for this implementation guide is: </p><pre>https://nrces.in/ndhm/fhir/r4/ImplementationGuide/ndhm.in</pre></div>"},"url":"https://nrces.in/ndhm/fhir/r4/ImplementationGuide/ndhm.in","version":"2.5.0","name":"FHIR Implementation Guide for ABDM","title":"FHIR Implementation Guide for ABDM","status":"active","date":"2023-03-15T15:55:39+05:30","publisher":"National Resource Center for EHR Standards","contact":[{"telecom":[{"system":"url","value":"http://nrces.in/"}]}],"jurisdiction":[{"coding":[{"system":"urn:iso:std:iso:3166","code":"IN"}]}],"packageId":"ndhm.in","license":"CC0-1.0","fhirVersion":["4.0.1"],"dependsOn":[{"id":"hl7tx","uri":"http://terminology.hl7.org/ImplementationGuide/hl7.terminology","packageId":"hl7.terminology.r4","version":"5.0.0"}],"definition":{"extension":[{"extension":[{"url":"code","valueString":"copyrightyear"},{"url":"value","valueString":"2020+"}],"url":"http://hl7.org/fhir/tools/StructureDefinition/ig-parameter"},{"extension":[{"url":"code","valueString":"releaselabel"},{"url":"value","valueString":"CI Build"}],"url":"http://hl7.org/fhir/tools/StructureDefinition/ig-parameter"},{"extension":[{"url":"code","valueString":"path-liquid"},{"url":"value","valueString":"templates\\liquid"}],"url":"http://hl7.org/fhir/tools/StructureDefinition/ig-parameter"},{"extension":[{"url":"code","valueString":"shownav"},{"url":"value","valueString":"true"}],"url":"http://hl7.org/fhir/tools/StructureDefinition/ig-parameter"},{"extension":[{"url":"code","valueString":"showsource"},{"url":"value","valueString":"true"}],"url":"http://hl7.org/fhir/tools/StructureDefinition/ig-parameter"},{"extension":[{"url":"code","valueString":"autoload-resources"},{"url":"value","valueString":"true"}],"url":"http://hl7.org/fhir/tools/StructureDefinition/ig-parameter"},{"extension":[{"url":"code","valueString":"path-liquid"},{"url":"value","valueString":"template/liquid"}],"url":"http://hl7.org/fhir/tools/StructureDefinition/ig-parameter"},{"extension":[{"url":"code","valueString":"path-liquid"},{"url":"value","valueString":"input/liquid"}],"url":"http://hl7.org/fhir/tools/StructureDefinition/ig-parameter"},{"extension":[{"url":"code","valueString":"path-qa"},{"url":"value","valueString":"temp/qa"}],"url":"http://hl7.org/fhir/tools/StructureDefinition/ig-parameter"},{"extension":[{"url":"code","valueString":"path-temp"},{"url":"value","valueString":"temp/pages"}],"url":"http://hl7.org/fhir/tools/StructureDefinition/ig-parameter"},{"extension":[{"url":"code","valueString":"path-output"},{"url":"value","valueString":"output"}],"url":"http://hl7.org/fhir/tools/StructureDefinition/ig-parameter"},{"extension":[{"url":"code","valueString":"path-suppressed-warnings"},{"url":"value","valueString":"input/ignoreWarnings.txt"}],"url":"http://hl7.org/fhir/tools/StructureDefinition/ig-parameter"},{"extension":[{"url":"code","valueString":"path-history"},{"url":"value","valueString":"https://nrces.in/ndhm/fhir/r4/history.html"}],"url":"http://hl7.org/fhir/tools/StructureDefinition/ig-parameter"},{"extension":[{"url":"code","valueString":"template-html"},{"url":"value","valueString":"template-page.html"}],"url":"http://hl7.org/fhir/tools/StructureDefinition/ig-parameter"},{"extension":[{"url":"code","valueString":"template-md"},{"url":"value","valueString":"template-page-md.html"}],"url":"http://hl7.org/fhir/tools/StructureDefinition/ig-parameter"},{"extension":[{"url":"code","valueString":"apply-contact"},{"url":"value","valueString":"true"}],"url":"http://hl7.org/fhir/tools/StructureDefinition/ig-parameter"},{"extension":[{"url":"code","valueString":"apply-context"},{"url":"value","valueString":"true"}],"url":"http://hl7.org/fhir/tools/StructureDefinition/ig-parameter"},{"extension":[{"url":"code","valueString":"apply-copyright"},{"url":"value","valueString":"true"}],"url":"http://hl7.org/fhir/tools/StructureDefinition/ig-parameter"},{"extension":[{"url":"code","valueString":"apply-jurisdiction"},{"url":"value","valueString":"true"}],"url":"http://hl7.org/fhir/tools/StructureDefinition/ig-parameter"},{"extension":[{"url":"code","valueString":"apply-license"},{"url":"value","valueString":"true"}],"url":"http://hl7.org/fhir/tools/StructureDefinition/ig-parameter"},{"extension":[{"url":"code","valueString":"apply-publisher"},{"url":"value","valueString":"true"}],"url":"http://hl7.org/fhir/tools/StructureDefinition/ig-parameter"},{"extension":[{"url":"code","valueString":"apply-version"},{"url":"value","valueString":"true"}],"url":"http://hl7.org/fhir/tools/StructureDefinition/ig-parameter"},{"extension":[{"url":"code","valueString":"active-tables"},{"url":"value","valueString":"true"}],"url":"http://hl7.org/fhir/tools/StructureDefinition/ig-parameter"},{"extension":[{"url":"code","valueString":"fmm-definition"},{"url":"value","valueString":"http://hl7.org/fhir/versions.html#maturity"}],"url":"http://hl7.org/fhir/tools/StructureDefinition/ig-parameter"},{"extension":[{"url":"code","valueString":"propagate-status"},{"url":"value","valueString":"true"}],"url":"http://hl7.org/fhir/tools/StructureDefinition/ig-parameter"},{"extension":[{"url":"code","valueString":"excludelogbinaryformat"},{"url":"value","valueString":"true"}],"url":"http://hl7.org/fhir/tools/StructureDefinition/ig-parameter"}],"grouping":[{"id":"-str-profile","name":"Structures: Resource Profiles","description":"These define constraints on FHIR resources for systems conforming to this implementation guide"},{"id":"-str-extension","name":"Structures: Extension Definitions","description":"These define constraints on FHIR data types for systems conforming to this implementation guide"},{"id":"-term-valueset","name":"Terminology: Value Sets","description":"These define sets of codes used by systems conforming to this implementation guide"},{"id":"-ex-example","name":"Example: Example Instances","description":"These are example instances that show what data produced and consumed by systems conforming with this implementation guide might look like"}],"resource":[{"extension":[{"url":"http://hl7.org/fhir/StructureDefinition/implementationguide-page","valueUri":"Observation-lab-example-01.html"}],"reference":{"reference":"Observation/lab-example-01"},"name":"Observation-lab-example-01","description":"observation lab example","exampleBoolean":true,"groupingId":"-ex-example"},{"extension":[{"url":"http://hl7.org/fhir/StructureDefinition/implementationguide-page","valueUri":"Observation-finding-example-01.html"}],"reference":{"reference":"Observation/finding-example-01"},"name":"Observation-finding-example-01","description":"Observation-finding-example-01","exampleBoolean":true,"groupingId":"-ex-example"},{"extension":[{"url":"http://hl7.org/fhir/StructureDefinition/implementationguide-page","valueUri":"Observation-example-03.html"}],"reference":{"reference":"Observation/example-03"},"name":"Observation-lab-example-03","description":"Observation-lab-example-03","exampleBoolean":true,"groupingId":"-ex-example"},{"extension":[{"url":"http://hl7.org/fhir/StructureDefinition/implementationguide-page","valueUri":"Observation-example-04.html"}],"reference":{"reference":"Observation/example-04"},"name":"Observation-lab-example-04","description":"Observation-lab-example-04","exampleBoolean":true,"groupingId":"-ex-example"},{"extension":[{"url":"http://hl7.org/fhir/StructureDefinition/implementationguide-page","valueUri":"Observation-example-05.html"}],"reference":{"reference":"Observation/example-05"},"name":"Observation-lab-example-05","description":"Observation-lab-example-05","exampleBoolean":true,"groupingId":"-ex-example"},{"extension":[{"url":"http://hl7.org/fhir/StructureDefinition/implementationguide-page","valueUri":"Observation-example-06.html"}],"reference":{"reference":"Observation/example-06"},"name":"Observation-lab-example-06","description":"Observation-lab-example-06","exampleBoolean":true,"groupingId":"-ex-example"},{"extension":[{"url":"http://hl7.org/fhir/StructureDefinition/implementationguide-page","valueUri":"Observation-example-07.html"}],"reference":{"reference":"Observation/example-07"},"name":"Observation-lab-example-07","description":"Observation-lab-example-07","exampleBoolean":true,"groupingId":"-ex-example"},{"extension":[{"url":"http://hl7.org/fhir/StructureDefinition/implementationguide-page","valueUri":"Observation-example-08.html"}],"reference":{"reference":"Observation/example-08"},"name":"Observation-lab-example-08","description":"Observation-lab-example-08","exampleBoolean":true,"groupingId":"-ex-example"},{"extension":[{"url":"http://hl7.org/fhir/StructureDefinition/implementationguide-page","valueUri":"Observation-example-09.html"}],"reference":{"reference":"Observation/example-09"},"name":"Observation-lab-example-09","description":"Observation-lab-example-09","exampleBoolean":true,"groupingId":"-ex-example"},{"extension":[{"url":"http://hl7.org/fhir/StructureDefinition/implementationguide-page","valueUri":"Observation-example-10.html"}],"reference":{"reference":"Observation/example-10"},"name":"Observation-lab-example-10","description":"Observation-lab-example-10","exampleBoolean":true,"groupingId":"-ex-example"},{"extension":[{"url":"http://hl7.org/fhir/StructureDefinition/implementationguide-page","valueUri":"Observation-example-11.html"}],"reference":{"reference":"Observation/example-11"},"name":"Observation-lab-example-11","description":"Observation-lab-example-11","exampleBoolean":true,"groupingId":"-ex-example"},{"extension":[{"url":"http://hl7.org/fhir/StructureDefinition/implementationguide-page","valueUri":"Observation-example-12.html"}],"reference":{"reference":"Observation/example-12"},"name":"Observation-lab-example-12","description":"Observation-lab-example-12","exampleBoolean":true,"groupingId":"-ex-example"},{"extension":[{"url":"http://hl7.org/fhir/StructureDefinition/implementationguide-page","valueUri":"Observation-example-13.html"}],"reference":{"reference":"Observation/example-13"},"name":"Observation-lab-example-13","description":"Observation-lab-example-13","exampleBoolean":true,"groupingId":"-ex-example"},{"extension":[{"url":"http://hl7.org/fhir/StructureDefinition/implementationguide-page","valueUri":"Observation-example-14.html"}],"reference":{"reference":"Observation/example-14"},"name":"Observation-lab-example-14","description":"Observation-lab-example-14","exampleBoolean":true,"groupingId":"-ex-example"},{"extension":[{"url":"http://hl7.org/fhir/StructureDefinition/implementationguide-page","valueUri":"Observation-example-15.html"}],"reference":{"reference":"Observation/example-15"},"name":"Observation/example-15","description":"Observation/example-15","exampleBoolean":true,"groupingId":"-ex-example"},{"extension":[{"url":"http://hl7.org/fhir/StructureDefinition/implementationguide-page","valueUri":"Observation-example-16.html"}],"reference":{"reference":"Observation/example-16"},"name":"Observation/example-16","description":"Observation/example-16","exampleBoolean":true,"groupingId":"-ex-example"},{"extension":[{"url":"http://hl7.org/fhir/StructureDefinition/implementationguide-page","valueUri":"Observation-example-17.html"}],"reference":{"reference":"Observation/example-17"},"name":"Observation/example-17","description":"Observation/example-17","exampleBoolean":true,"groupingId":"-ex-example"},{"extension":[{"url":"http://hl7.org/fhir/StructureDefinition/implementationguide-page","valueUri":"Observation-example-18.html"}],"reference":{"reference":"Observation/example-18"},"name":"Observation/example-18","description":"Observation/example-18","exampleBoolean":true,"groupingId":"-ex-example"},{"extension":[{"url":"http://hl7.org/fhir/StructureDefinition/implementationguide-page","valueUri":"Observation-example-19.html"}],"reference":{"reference":"Observation/example-19"},"name":"Observation/example-19","description":"Observation/example-19","exampleBoolean":true,"groupingId":"-ex-example"},{"extension":[{"url":"http://hl7.org/fhir/StructureDefinition/implementationguide-page","valueUri":"Observation-example-20.html"}],"reference":{"reference":"Observation/example-20"},"name":"Observation/example-20","description":"Observation/example-20","exampleBoolean":true,"groupingId":"-ex-example"},{"extension":[{"url":"http://hl7.org/fhir/StructureDefinition/implementationguide-page","valueUri":"Observation-example-21.html"}],"reference":{"reference":"Observation/example-21"},"name":"Observation/example-21","description":"Observation/example-21","exampleBoolean":true,"groupingId":"-ex-example"},{"extension":[{"url":"http://hl7.org/fhir/StructureDefinition/implementationguide-page","valueUri":"Observation-example-22.html"}],"reference":{"reference":"Observation/example-22"},"name":"Observation/example-22","description":"Observation/example-22","exampleBoolean":true,"groupingId":"-ex-example"},{"extension":[{"url":"http://hl7.org/fhir/StructureDefinition/implementationguide-page","valueUri":"Observation-example-23.html"}],"reference":{"reference":"Observation/example-23"},"name":"Observation/example-23","description":"Observation/example-23","exampleBoolean":true,"groupingId":"-ex-example"},{"extension":[{"url":"http://hl7.org/fhir/StructureDefinition/implementationguide-page","valueUri":"Observation-example-24.html"}],"reference":{"reference":"Observation/example-24"},"name":"Observation/example-24","description":"Observation/example-24","exampleBoolean":true,"groupingId":"-ex-example"},{"extension":[{"url":"http://hl7.org/fhir/StructureDefinition/implementationguide-page","valueUri":"Observation-example-25.html"}],"reference":{"reference":"Observation/example-25"},"name":"Observation/example-25","description":"Observation/example-25","exampleBoolean":true,"groupingId":"-ex-example"},{"extension":[{"url":"http://hl7.org/fhir/StructureDefinition/implementationguide-page","valueUri":"Observation-example-26.html"}],"reference":{"reference":"Observation/example-26"},"name":"Observation/example-26","description":"Observation/example-26","exampleBoolean":true,"groupingId":"-ex-example"},{"extension":[{"url":"http://hl7.org/fhir/StructureDefinition/implementationguide-page","valueUri":"Observation-example-27.html"}],"reference":{"reference":"Observation/example-27"},"name":"Observation/example-27","description":"Observation/example-27","exampleBoolean":true,"groupingId":"-ex-example"},{"extension":[{"url":"http://hl7.org/fhir/StructureDefinition/implementationguide-page","valueUri":"Observation-example-28.html"}],"reference":{"reference":"Observation/example-28"},"name":"Observation/example-28","description":"Observation/example-28","exampleBoolean":true,"groupingId":"-ex-example"},{"extension":[{"url":"http://hl7.org/fhir/StructureDefinition/implementationguide-page","valueUri":"Observation-example-29.html"}],"reference":{"reference":"Observation/example-29"},"name":"Observation/example-29","description":"Observation/example-29","exampleBoolean":true,"groupingId":"-ex-example"},{"extension":[{"url":"http://hl7.org/fhir/StructureDefinition/implementationguide-page","valueUri":"Observation-example-30.html"}],"reference":{"reference":"Observation/example-30"},"name":"Observation/example-30","description":"Observation/example-30","exampleBoolean":true,"groupingId":"-ex-example"},{"extension":[{"url":"http://hl7.org/fhir/StructureDefinition/implementationguide-page","valueUri":"Observation-example-31.html"}],"reference":{"reference":"Observation/example-31"},"name":"Observation/example-31","description":"Observation/example-31","exampleBoolean":true,"groupingId":"-ex-example"},{"extension":[{"url":"http://hl7.org/fhir/StructureDefinition/implementationguide-page","valueUri":"Observation-example-32.html"}],"reference":{"reference":"Observation/example-32"},"name":"Observation/example-32","description":"Observation/example-32","exampleBoolean":true,"groupingId":"-ex-example"},{"extension":[{"url":"http://hl7.org/fhir/StructureDefinition/implementationguide-page","valueUri":"Observation-example-33.html"}],"reference":{"reference":"Observation/example-33"},"name":"Observation/example-33","description":"Observation/example-33","exampleBoolean":true,"groupingId":"-ex-example"},{"extension":[{"url":"http://hl7.org/fhir/StructureDefinition/implementationguide-page","valueUri":"Observation-example-34.html"}],"reference":{"reference":"Observation/example-34"},"name":"Observation/example-34","description":"Observation/example-34","exampleBoolean":true,"groupingId":"-ex-example"},{"extension":[{"url":"http://hl7.org/fhir/StructureDefinition/implementationguide-page","valueUri":"Observation-example-35.html"}],"reference":{"reference":"Observation/example-35"},"name":"Observation/example-35","description":"Observation/example-35","exampleBoolean":true,"groupingId":"-ex-example"},{"extension":[{"url":"http://hl7.org/fhir/StructureDefinition/implementationguide-page","valueUri":"Observation-example-36.html"}],"reference":{"reference":"Observation/example-36"},"name":"Observation/example-36","description":"Observation/example-36","exampleBoolean":true,"groupingId":"-ex-example"},{"extension":[{"url":"http://hl7.org/fhir/StructureDefinition/implementationguide-page","valueUri":"Procedure-example-01.html"}],"reference":{"reference":"Procedure/example-01"},"name":"Procedure/example-01","description":"Procedure/example-01","exampleBoolean":true,"groupingId":"-ex-example"},{"extension":[{"url":"http://hl7.org/fhir/StructureDefinition/implementationguide-page","valueUri":"Bundle-DiagnosticReport-Imaging-DCM-example-01.html"}],"reference":{"reference":"Bundle/DiagnosticReport-Imaging-DCM-example-01"},"name":"Bundle/DiagnosticReport-Imaging-DCM-example-01","description":"Bundle/DiagnosticReport-Imaging-DCM-example-01","exampleBoolean":true,"groupingId":"-ex-example"},{"extension":[{"url":"http://hl7.org/fhir/StructureDefinition/implementationguide-page","valueUri":"Bundle-DiagnosticReport-Imaging-Media-example-02.html"}],"reference":{"reference":"Bundle/DiagnosticReport-Imaging-Media-example-02"},"name":"Bundle/DiagnosticReport-Imaging-Media-example-02","description":"Bundle/DiagnosticReport-Imaging-Media-example-02","exampleBoolean":true,"groupingId":"-ex-example"},{"extension":[{"url":"http://hl7.org/fhir/StructureDefinition/implementationguide-page","valueUri":"Bundle-DiagnosticReport-Lab-example-03.html"}],"reference":{"reference":"Bundle/DiagnosticReport-Lab-example-03"},"name":"Bundle/DiagnosticReport-Lab-example-03","description":"Bundle/DiagnosticReport-Lab-example-03","exampleBoolean":true,"groupingId":"-ex-example"},{"extension":[{"url":"http://hl7.org/fhir/StructureDefinition/implementationguide-page","valueUri":"Bundle-DischargeSummary-example-04.html"}],"reference":{"reference":"Bundle/DischargeSummary-example-04"},"name":"Bundle/DischargeSummary-example-04","description":"Bundle/DischargeSummary-example-04","exampleBoolean":true,"groupingId":"-ex-example"},{"extension":[{"url":"http://hl7.org/fhir/StructureDefinition/implementationguide-page","valueUri":"Bundle-OPConsultNote-example-05.html"}],"reference":{"reference":"Bundle/OPConsultNote-example-05"},"name":"Bundle/DischargeSummary-example-05","description":"Bundle/DischargeSummary-example-05","exampleBoolean":true,"groupingId":"-ex-example"},{"extension":[{"url":"http://hl7.org/fhir/StructureDefinition/implementationguide-page","valueUri":"Bundle-Prescription-example-06.html"}],"reference":{"reference":"Bundle/Prescription-example-06"},"name":"Bundle/Prescription-example-06","description":"Bundle/Prescription-example-06","exampleBoolean":true,"groupingId":"-ex-example"},{"extension":[{"url":"http://hl7.org/fhir/StructureDefinition/implementationguide-page","valueUri":"Bundle-ImmunizationRecord-example-07.html"}],"reference":{"reference":"Bundle/ImmunizationRecord-example-07"},"name":"Bundle/ImmunizationRecord-example-07","description":"Bundle/ImmunizationRecord-example-07","exampleBoolean":true,"groupingId":"-ex-example"},{"extension":[{"url":"http://hl7.org/fhir/StructureDefinition/implementationguide-page","valueUri":"Bundle-ImmunizationRecord-for-WHO-DDCC.html"}],"reference":{"reference":"Bundle/ImmunizationRecord-for-WHO-DDCC"},"name":"Bundle/ImmunizationRecord-for-WHO-DDCC","description":"Bundle/ImmunizationRecord-for-WHO-DDCC","exampleBoolean":true,"groupingId":"-ex-example"},{"extension":[{"url":"http://hl7.org/fhir/StructureDefinition/implementationguide-page","valueUri":"Bundle-HealthDocumentRecord-example-01.html"}],"reference":{"reference":"Bundle/HealthDocumentRecord-example-01"},"name":"Bundle/HealthDocumentRecord-example-01","description":"Bundle/HealthDocumentRecord-example-01","exampleBoolean":true,"groupingId":"-ex-example"},{"extension":[{"url":"http://hl7.org/fhir/StructureDefinition/implementationguide-page","valueUri":"Bundle-WellnessRecord-example-01.html"}],"reference":{"reference":"Bundle/WellnessRecord-example-01"},"name":"Bundle/WellnessRecord-example-01","description":"Bundle/WellnessRecord-example-01","exampleBoolean":true,"groupingId":"-ex-example"},{"extension":[{"url":"http://hl7.org/fhir/StructureDefinition/implementationguide-page","valueUri":"Condition-example-01.html"}],"reference":{"reference":"Condition/example-01"},"name":"Bundle/Condition/example-01","description":"Bundle/Condition/example-01","exampleBoolean":true,"groupingId":"-ex-example"},{"extension":[{"url":"http://hl7.org/fhir/StructureDefinition/implementationguide-page","valueUri":"Organization-example-01.html"}],"reference":{"reference":"Organization/example-01"},"name":"Organization/example-01","description":"Organization/example-01","exampleBoolean":true,"groupingId":"-ex-example"},{"extension":[{"url":"http://hl7.org/fhir/StructureDefinition/implementationguide-page","valueUri":"Encounter-example-01.html"}],"reference":{"reference":"Encounter/example-01"},"name":"Encounter/example-01","description":"Encounter/example-01","exampleBoolean":true,"groupingId":"-ex-example"},{"extension":[{"url":"http://hl7.org/fhir/StructureDefinition/implementationguide-page","valueUri":"DiagnosticReport-Lab-example-01.html"}],"reference":{"reference":"DiagnosticReport/Lab-example-01"},"name":"DiagnosticReport/Lab-example-01","description":"DiagnosticReport/Lab-example-01","exampleBoolean":true,"groupingId":"-ex-example"},{"extension":[{"url":"http://hl7.org/fhir/StructureDefinition/implementationguide-page","valueUri":"DiagnosticReport-ImagingDCM-example-02.html"}],"reference":{"reference":"DiagnosticReport/ImagingDCM-example-02"},"name":"DiagnosticReport/ImagingDCM-example-02","description":"DiagnosticReport/ImagingDCM-example-02","exampleBoolean":true,"groupingId":"-ex-example"},{"extension":[{"url":"http://hl7.org/fhir/StructureDefinition/implementationguide-page","valueUri":"DiagnosticReport-ImagingMedia-example-03.html"}],"reference":{"reference":"DiagnosticReport/ImagingMedia-example-03"},"name":"DiagnosticReport/ImagingMedia-example-03","description":"DiagnosticReport/ImagingMedia-example-03","exampleBoolean":true,"groupingId":"-ex-example"},{"extension":[{"url":"http://hl7.org/fhir/StructureDefinition/implementationguide-page","valueUri":"Patient-example-01.html"}],"reference":{"reference":"Patient/example-01"},"name":"Patient/example-01","description":"Patient/example-01","exampleBoolean":true,"groupingId":"-ex-example"},{"extension":[{"url":"http://hl7.org/fhir/StructureDefinition/implementationguide-page","valueUri":"MedicationRequest-example-01.html"}],"reference":{"reference":"MedicationRequest/example-01"},"name":"MedicationRequest/example-01","description":"MedicationRequest/example-01","exampleBoolean":true,"groupingId":"-ex-example"},{"extension":[{"url":"http://hl7.org/fhir/StructureDefinition/implementationguide-page","valueUri":"Practitioner-example-01.html"}],"reference":{"reference":"Practitioner/example-01"},"name":"Practitioner/example-01","description":"Practitioner/example-01","exampleBoolean":true,"groupingId":"-ex-example"},{"extension":[{"url":"http://hl7.org/fhir/StructureDefinition/implementationguide-page","valueUri":"DocumentReference-example-01.html"}],"reference":{"reference":"DocumentReference/example-01"},"name":"DocumentReference/example-01","description":"DocumentReference/example-01","exampleBoolean":true,"groupingId":"-ex-example"},{"extension":[{"url":"http://hl7.org/fhir/StructureDefinition/implementationguide-page","valueUri":"AllergyIntolerance-example-01.html"}],"reference":{"reference":"AllergyIntolerance/example-01"},"name":"AllergyIntolerance/example-01","description":"AllergyIntolerance/example-01","exampleBoolean":true,"groupingId":"-ex-example"},{"extension":[{"url":"http://hl7.org/fhir/StructureDefinition/implementationguide-page","valueUri":"CarePlan-example-01.html"}],"reference":{"reference":"CarePlan/example-01"},"name":"CarePlan/example-01","description":"CarePlan/example-01","exampleBoolean":true,"groupingId":"-ex-example"},{"extension":[{"url":"http://hl7.org/fhir/StructureDefinition/implementationguide-page","valueUri":"Appointment-example-01.html"}],"reference":{"reference":"Appointment/example-01"},"name":"Appointment/example-01","description":"Appointment/example-01","exampleBoolean":true,"groupingId":"-ex-example"},{"extension":[{"url":"http://hl7.org/fhir/StructureDefinition/implementationguide-page","valueUri":"Binary-example-01.html"}],"reference":{"reference":"Binary/example-01"},"name":"Binary/example-01","description":"Binary/example-01","exampleBoolean":true,"groupingId":"-ex-example"},{"extension":[{"url":"http://hl7.org/fhir/StructureDefinition/implementationguide-page","valueUri":"Media-example-01.html"}],"reference":{"reference":"Media/example-01"},"name":"Media/example-01","description":"Media/example-01","exampleBoolean":true,"groupingId":"-ex-example"},{"extension":[{"url":"http://hl7.org/fhir/StructureDefinition/implementationguide-page","valueUri":"ImagingStudy-example-01.html"}],"reference":{"reference":"ImagingStudy/example-01"},"name":"ImagingStudy/example-01","description":"ImagingStudy/example-01","exampleBoolean":true,"groupingId":"-ex-example"},{"extension":[{"url":"http://hl7.org/fhir/StructureDefinition/implementationguide-page","valueUri":"ServiceRequest-example-01.html"}],"reference":{"reference":"ServiceRequest/example-01"},"name":"ServiceRequest/example-01","description":"ServiceRequest/example-01","exampleBoolean":true,"groupingId":"-ex-example"},{"extension":[{"url":"http://hl7.org/fhir/StructureDefinition/implementationguide-page","valueUri":"Specimen-example-01.html"}],"reference":{"reference":"Specimen/example-01"},"name":"Specimen/example-01","description":"Specimen/example-01","exampleBoolean":true,"groupingId":"-ex-example"},{"extension":[{"url":"http://hl7.org/fhir/StructureDefinition/implementationguide-page","valueUri":"Immunization-example-01.html"}],"reference":{"reference":"Immunization/example-01"},"name":"Immunization/example-01","description":"Immunization/example-01","exampleBoolean":true,"groupingId":"-ex-example"},{"extension":[{"url":"http://hl7.org/fhir/StructureDefinition/implementationguide-page","valueUri":"Immunization-example-WHO-DDCC.html"}],"reference":{"reference":"Immunization/example-WHO-DDCC"},"name":"Immunization/example-WHO-DDCC","description":"Immunization/example-WHO-DDCC","exampleBoolean":true,"groupingId":"-ex-example"},{"extension":[{"url":"http://hl7.org/fhir/StructureDefinition/implementationguide-page","valueUri":"ImmunizationRecommendation-example-01.html"}],"reference":{"reference":"ImmunizationRecommendation/example-01"},"name":"ImmunizationRecommendation/example-01","description":"ImmunizationRecommendation/example-01","exampleBoolean":true,"groupingId":"-ex-example"},{"extension":[{"url":"http://hl7.org/fhir/StructureDefinition/implementationguide-page","valueUri":"PractitionerRole-example-01.html"}],"reference":{"reference":"PractitionerRole/example-01"},"name":"PractitionerRole/example-01","description":"PractitionerRole/example-01","exampleBoolean":true,"groupingId":"-ex-example"},{"extension":[{"url":"http://hl7.org/fhir/StructureDefinition/implementationguide-page","valueUri":"FamilyMemberHistory-example-01.html"}],"reference":{"reference":"FamilyMemberHistory/example-01"},"name":"FamilyMemberHistory/example-01","description":"FamilyMemberHistory/example-01","exampleBoolean":true,"groupingId":"-ex-example"},{"extension":[{"url":"http://hl7.org/fhir/StructureDefinition/implementationguide-page","valueUri":"MedicationStatement-example-01.html"}],"reference":{"reference":"MedicationStatement/example-01"},"name":"MedicationStatement/example-01","description":"MedicationStatement/example-01","exampleBoolean":true,"groupingId":"-ex-example"},{"extension":[{"url":"http://hl7.org/fhir/StructureDefinition/implementationguide-page","valueUri":"Location-example-01.html"}],"reference":{"reference":"Location/example-01"},"name":"Location/example-01","description":"Location/example-01","exampleBoolean":true,"groupingId":"-ex-example"},{"extension":[{"url":"http://hl7.org/fhir/StructureDefinition/implementationguide-page","valueUri":"StructureDefinition-Organization.html"}],"reference":{"reference":"StructureDefinition/Organization"},"name":"StructureDefinition/Organization","description":"This profile sets minimum expectations for the Organization resource to searching for and fetching an Organization associated with a patient or provider.","exampleBoolean":false,"groupingId":"-str-profile"},{"extension":[{"url":"http://hl7.org/fhir/StructureDefinition/implementationguide-page","valueUri":"StructureDefinition-Condition.html"}],"reference":{"reference":"StructureDefinition/Condition"},"name":"StructureDefinition/Condition","description":"This profile sets minimum expectations for the Condition resource to record, search, and fetch a list of conditions associated with a patient.","exampleBoolean":false,"groupingId":"-str-profile"},{"extension":[{"url":"http://hl7.org/fhir/StructureDefinition/implementationguide-page","valueUri":"StructureDefinition-MedicationRequest.html"}],"reference":{"reference":"StructureDefinition/MedicationRequest"},"name":"StructureDefinition/MedicationRequest","description":"The MedicationRequest resource can be used to record a patient’s medication prescription or order. This profile sets minimum expectations for the MedicationRequest resource to record, search, and fetch medications associated with a patient.","exampleBoolean":false,"groupingId":"-str-profile"},{"extension":[{"url":"http://hl7.org/fhir/StructureDefinition/implementationguide-page","valueUri":"StructureDefinition-MedicationStatement.html"}],"reference":{"reference":"StructureDefinition/MedicationStatement"},"name":"StructureDefinition/MedicationStatement","description":"The MedicationStatement resource can be used to record a patient’s medication information. It is used to record the information about the medications consumed by the patient in the past, present, or future.","exampleBoolean":false,"groupingId":"-str-profile"},{"extension":[{"url":"http://hl7.org/fhir/StructureDefinition/implementationguide-page","valueUri":"StructureDefinition-Observation.html"}],"reference":{"reference":"StructureDefinition/Observation"},"name":"StructureDefinition/Observation","description":"Observation resource represents an individual laboratory test and result value, a “nested” panel (such as a microbial susceptibility panel) which references other observations, or rarely a laboratory test with component result values. This profile sets minimum expectations for the Observation resource to record, search, and fetch laboratory test results associated with a patient.","exampleBoolean":false,"groupingId":"-str-profile"},{"extension":[{"url":"http://hl7.org/fhir/StructureDefinition/implementationguide-page","valueUri":"StructureDefinition-ObservationVitalSigns.html"}],"reference":{"reference":"StructureDefinition/ObservationVitalSigns"},"name":"StructureDefinition/ObservationVitalSigns","description":"This profile sets minimum expectations for the ObservationVitalSigns to record, search, and fetch the details of the vital signs of a patient.","exampleBoolean":false,"groupingId":"-str-profile"},{"extension":[{"url":"http://hl7.org/fhir/StructureDefinition/implementationguide-page","valueUri":"StructureDefinition-ObservationLifestyle.html"}],"reference":{"reference":"StructureDefinition/ObservationLifestyle"},"name":"StructureDefinition/ObservationLifestyle","description":"This profile sets minimum expectations for the ObservationLifestyle to record, search, and fetch the details of the lifestyle of the patient.","exampleBoolean":false,"groupingId":"-str-profile"},{"extension":[{"url":"http://hl7.org/fhir/StructureDefinition/implementationguide-page","valueUri":"StructureDefinition-ObservationWomenHealth.html"}],"reference":{"reference":"StructureDefinition/ObservationWomenHealth"},"name":"StructureDefinition/ObservationWomenHealth","description":"This profile sets minimum expectations for ObservationWomenHealth to record, search, and fetch the details of women’s health.","exampleBoolean":false,"groupingId":"-str-profile"},{"extension":[{"url":"http://hl7.org/fhir/StructureDefinition/implementationguide-page","valueUri":"StructureDefinition-ObservationGeneralAssessment.html"}],"reference":{"reference":"StructureDefinition/ObservationGeneralAssessment"},"name":"StructureDefinition/ObservationGeneralAssessment","description":"This profile sets minimum expectations for the ObservationGeneralAssessment to record, search, and fetch the details of the general health assessment of a patient.","exampleBoolean":false,"groupingId":"-str-profile"},{"extension":[{"url":"http://hl7.org/fhir/StructureDefinition/implementationguide-page","valueUri":"StructureDefinition-ObservationPhysicalActivity.html"}],"reference":{"reference":"StructureDefinition/ObservationPhysicalActivity"},"name":"StructureDefinition/ObservationPhysicalActivity","description":"This profile sets minimum expectations for the ObservationPhysicalActivity to record, search, and fetch the details of the physical activities of a patient.","exampleBoolean":false,"groupingId":"-str-profile"},{"extension":[{"url":"http://hl7.org/fhir/StructureDefinition/implementationguide-page","valueUri":"StructureDefinition-ObservationBodyMeasurement.html"}],"reference":{"reference":"StructureDefinition/ObservationBodyMeasurement"},"name":"StructureDefinition/ObservationBodyMeasurement","description":"This profile sets minimum expectations for the ObservationBodyMeasurement to record, search, and fetch the details of the body measurements of the patient.","exampleBoolean":false,"groupingId":"-str-profile"},{"extension":[{"url":"http://hl7.org/fhir/StructureDefinition/implementationguide-page","valueUri":"StructureDefinition-WellnessRecord.html"}],"reference":{"reference":"StructureDefinition/WellnessRecord"},"name":"StructureDefinition/WellnessRecord","description":"The Clinical Artifact represents regular wellness information of patients typically through the Patient Health Record (PHR) application covering clinical information such as vitals, physical examination, general wellness, women wellness, etc., that can be shared across the health ecosystem.","exampleBoolean":false,"groupingId":"-str-profile"},{"extension":[{"url":"http://hl7.org/fhir/StructureDefinition/implementationguide-page","valueUri":"StructureDefinition-OPConsultRecord.html"}],"reference":{"reference":"StructureDefinition/OPConsultRecord"},"name":"StructureDefinition/OPConsultRecord","description":"The Clinical Artifact represents the outpatient visit consultation note which may include clinical information on any OP examinations, procedures along with medication administered, and advice that can be shared across the health ecosystem.","exampleBoolean":false,"groupingId":"-str-profile"},{"extension":[{"url":"http://hl7.org/fhir/StructureDefinition/implementationguide-page","valueUri":"StructureDefinition-Appointment.html"}],"reference":{"reference":"StructureDefinition/Appointment"},"name":"StructureDefinition/Appointment","description":"This profile sets minimum expectations for the Appointment resource to searching for and fetching information about a booking of a healthcare event among patient(s), practitioner(s), related person(s), and/or device(s) for a specific date/time for a patient.","exampleBoolean":false,"groupingId":"-str-profile"},{"extension":[{"url":"http://hl7.org/fhir/StructureDefinition/implementationguide-page","valueUri":"StructureDefinition-PractitionerRole.html"}],"reference":{"reference":"StructureDefinition/PractitionerRole"},"name":"StructureDefinition/PractitionerRole","description":"This profile sets minimum expectations for the PractitionerRole resource to record, search, and fetch the practitioner role for a practitioner.","exampleBoolean":false,"groupingId":"-str-profile"},{"extension":[{"url":"http://hl7.org/fhir/StructureDefinition/implementationguide-page","valueUri":"StructureDefinition-AllergyIntolerance.html"}],"reference":{"reference":"StructureDefinition/AllergyIntolerance"},"name":"StructureDefinition/AllergyIntolerance","description":"This profile sets minimum expectations for the AllergyIntolerance resource to record, search, and fetch allergies/adverse reactions associated with a patient.","exampleBoolean":false,"groupingId":"-str-profile"},{"extension":[{"url":"http://hl7.org/fhir/StructureDefinition/implementationguide-page","valueUri":"StructureDefinition-Practitioner.html"}],"reference":{"reference":"StructureDefinition/Practitioner"},"name":"StructureDefinition/Practitioner","description":"This profile sets minimum expectations for the Practitioner resource to record, search, and fetch basic demographics and other administrative information about an individual practitioner.","exampleBoolean":false,"groupingId":"-str-profile"},{"extension":[{"url":"http://hl7.org/fhir/StructureDefinition/implementationguide-page","valueUri":"StructureDefinition-Encounter.html"}],"reference":{"reference":"StructureDefinition/Encounter"},"name":"StructureDefinition/Encounter","description":"This profile sets minimum expectations for the Encounter resource to record, search, and fetch basic encounter information for an individual patient.","exampleBoolean":false,"groupingId":"-str-profile"},{"extension":[{"url":"http://hl7.org/fhir/StructureDefinition/implementationguide-page","valueUri":"StructureDefinition-Patient.html"}],"reference":{"reference":"StructureDefinition/Patient"},"name":"StructureDefinition/Patient","description":"This profile sets minimum expectations for the Patient resource to record, search, and fetch basic demographics and other administrative information about an individual patient.","exampleBoolean":false,"groupingId":"-str-profile"},{"extension":[{"url":"http://hl7.org/fhir/StructureDefinition/implementationguide-page","valueUri":"StructureDefinition-Procedure.html"}],"reference":{"reference":"StructureDefinition/Procedure"},"name":"StructureDefinition/Procedure","description":"This profile sets minimum expectations for the Procedure resource to record, search, and fetch procedures associated with a patient.","exampleBoolean":false,"groupingId":"-str-profile"},{"extension":[{"url":"http://hl7.org/fhir/StructureDefinition/implementationguide-page","valueUri":"StructureDefinition-DocumentReference.html"}],"reference":{"reference":"StructureDefinition/DocumentReference"},"name":"StructureDefinition/DocumentReference","description":"This profile sets minimum expectations for searching and fetching patient documents including the Clinical Notes using the DocumentReference resource.","exampleBoolean":false,"groupingId":"-str-profile"},{"extension":[{"url":"http://hl7.org/fhir/StructureDefinition/implementationguide-page","valueUri":"StructureDefinition-CarePlan.html"}],"reference":{"reference":"StructureDefinition/CarePlan"},"name":"StructureDefinition/CarePlan","description":"This profile sets minimum expectations for the CarePlan resource to record, search, and fetch assessment and plan of treatment data associated with a patient.","exampleBoolean":false,"groupingId":"-str-profile"},{"extension":[{"url":"http://hl7.org/fhir/StructureDefinition/implementationguide-page","valueUri":"StructureDefinition-Binary.html"}],"reference":{"reference":"StructureDefinition/Binary"},"name":"StructureDefinition/Binary","description":"This profile sets minimum expectations for the Binary resource to searching for and fetching the data of a single raw artifact as digital content accessible in its native format of a patient.","exampleBoolean":false,"groupingId":"-str-profile"},{"extension":[{"url":"http://hl7.org/fhir/StructureDefinition/implementationguide-page","valueUri":"StructureDefinition-BrandName.html"}],"reference":{"reference":"StructureDefinition/BrandName"},"name":"StructureDefinition/BrandName","description":"This Extention sets minimum expectations for the Brandname element to searching for and fetching a Brandname associated with vaccine.","exampleBoolean":false,"groupingId":"-str-extension"},{"extension":[{"url":"http://hl7.org/fhir/StructureDefinition/implementationguide-page","valueUri":"StructureDefinition-DiagnosticReportImaging.html"}],"reference":{"reference":"StructureDefinition/DiagnosticReportImaging"},"name":"StructureDefinition/DiagnosticReportImaging","description":"This profile represents the set of information related to the Imaging diagnosis report generated by imaging services like Radiology, Cardiology, Endoscopy, etc. are ordered for the patient.","exampleBoolean":false,"groupingId":"-str-profile"},{"extension":[{"url":"http://hl7.org/fhir/StructureDefinition/implementationguide-page","valueUri":"StructureDefinition-DiagnosticReportLab.html"}],"reference":{"reference":"StructureDefinition/DiagnosticReportLab"},"name":"StructureDefinition/DiagnosticReportImaging","description":"This profile represents the set of information related to the Laboratory diagnosis report generated by the laboratory services like Complete Blood Count, Basic Metabolic Panel, Lipid Panel, Urinalysis, etc. are ordered for the patient.","exampleBoolean":false,"groupingId":"-str-profile"},{"extension":[{"url":"http://hl7.org/fhir/StructureDefinition/implementationguide-page","valueUri":"StructureDefinition-DiagnosticReportRecord.html"}],"reference":{"reference":"StructureDefinition/DiagnosticReportRecord"},"name":"StructureDefinition/DiagnosticReportRecord","description":"The Clinical Artifact represents diagnostic reports including Radiology and Laboratory reports that can be shared across the health ecosystem.","exampleBoolean":false,"groupingId":"-str-profile"},{"extension":[{"url":"http://hl7.org/fhir/StructureDefinition/implementationguide-page","valueUri":"StructureDefinition-DischargeSummaryRecord.html"}],"reference":{"reference":"StructureDefinition/DischargeSummaryRecord"},"name":"StructureDefinition/DischargeSummaryRecord","description":"Clinical document used to represent the discharge summary record for ABDM HDE data set.","exampleBoolean":false,"groupingId":"-str-profile"},{"extension":[{"url":"http://hl7.org/fhir/StructureDefinition/implementationguide-page","valueUri":"StructureDefinition-DocumentBundle.html"}],"reference":{"reference":"StructureDefinition/DocumentBundle"},"name":"StructureDefinition/DocumentBundle","description":"This profile sets minimum expectations for the DocumentBundle that includes all resources into a single instance with containing context to act as an exchangeable clinical document.","exampleBoolean":false,"groupingId":"-str-profile"},{"extension":[{"url":"http://hl7.org/fhir/StructureDefinition/implementationguide-page","valueUri":"StructureDefinition-FamilyMemberHistory.html"}],"reference":{"reference":"StructureDefinition/FamilyMemberHistory"},"name":"StructureDefinition/FamilyMemberHistory","description":"This profile sets minimum expectations for the FamilyMemberHistory resource for searching and fetching significant health conditions of a person related to the patient in the context of care.","exampleBoolean":false,"groupingId":"-str-profile"},{"extension":[{"url":"http://hl7.org/fhir/StructureDefinition/implementationguide-page","valueUri":"StructureDefinition-ImagingStudy.html"}],"reference":{"reference":"StructureDefinition/ImagingStudy"},"name":"StructureDefinition/ImagingStudy","description":"This profile sets minimum expectations for the ImagingStudy resource to searching for and fetching the content produced in a DICOM imaging study.","exampleBoolean":false,"groupingId":"-str-profile"},{"extension":[{"url":"http://hl7.org/fhir/StructureDefinition/implementationguide-page","valueUri":"StructureDefinition-Media.html"}],"reference":{"reference":"StructureDefinition/Media"},"name":"StructureDefinition/Media","description":"This profile sets minimum expectations for the Media resource to searching for and fetching media like a photo, video, or audio recording acquired or used in healthcare, associated with a patient or provider.","exampleBoolean":false,"groupingId":"-str-profile"},{"extension":[{"url":"http://hl7.org/fhir/StructureDefinition/implementationguide-page","valueUri":"StructureDefinition-Immunization.html"}],"reference":{"reference":"StructureDefinition/Immunization"},"name":"StructureDefinition/Immunization","description":"This profile sets minimum expectations for the Immunization resource to record, fetch and search immunization history associated with a patient.","exampleBoolean":false,"groupingId":"-str-profile"},{"extension":[{"url":"http://hl7.org/fhir/StructureDefinition/implementationguide-page","valueUri":"StructureDefinition-ImmunizationRecommendation.html"}],"reference":{"reference":"StructureDefinition/ImmunizationRecommendation"},"name":"StructureDefinition/ImmunizationRecommendation","description":"This profile sets minimum expectations for the ImmunizationRecommendation resource to support the next immunization to be taken by the patient.","exampleBoolean":false,"groupingId":"-str-profile"},{"extension":[{"url":"http://hl7.org/fhir/StructureDefinition/implementationguide-page","valueUri":"StructureDefinition-ImmunizationRecord.html"}],"reference":{"reference":"StructureDefinition/ImmunizationRecord"},"name":"StructureDefinition/ImmunizationRecord","description":"The Clinical Artifact represents the Immunization records with any additional documents such as vaccine certificate, the next immunization recommendations, etc. This can be further shared across the health ecosystem.","exampleBoolean":false,"groupingId":"-str-profile"},{"extension":[{"url":"http://hl7.org/fhir/StructureDefinition/implementationguide-page","valueUri":"StructureDefinition-PrescriptionRecord.html"}],"reference":{"reference":"StructureDefinition/PrescriptionRecord"},"name":"StructureDefinition/PrescriptionRecord","description":"The Clinical Artifact represents the medication advice to the patient in compliance with the Pharmacy Council of India (PCI) guidelines, which can be shared across the health ecosystem.","exampleBoolean":false,"groupingId":"-str-profile"},{"extension":[{"url":"http://hl7.org/fhir/StructureDefinition/implementationguide-page","valueUri":"StructureDefinition-HealthDocumentRecord.html"}],"reference":{"reference":"StructureDefinition/HealthDocumentRecord"},"name":"StructureDefinition/HealthDocumentRecord","description":"The Clinical Artifact represents the unstructured historical health records as a single of multiple Health Record Documents generally uploaded by the patients through the Health Locker and can be shared across the health ecosystem.","exampleBoolean":false,"groupingId":"-str-profile"},{"extension":[{"url":"http://hl7.org/fhir/StructureDefinition/implementationguide-page","valueUri":"StructureDefinition-ServiceRequest.html"}],"reference":{"reference":"StructureDefinition/ServiceRequest"},"name":"StructureDefinition/ServiceRequest","description":"This profile sets minimum expectations for the ServiceRequest resource to searching for and fetching information about services like a request for a procedure or diagnostic or other services to be planned, proposed, or performed associated with a patient or provider.","exampleBoolean":false,"groupingId":"-str-profile"},{"extension":[{"url":"http://hl7.org/fhir/StructureDefinition/implementationguide-page","valueUri":"StructureDefinition-Specimen.html"}],"reference":{"reference":"StructureDefinition/Specimen"},"name":"StructureDefinition/Specimen","description":"This profile sets minimum expectations for the Specimen resource to searching for and fetching information regarding a sample to be used for the analysis of a patient.","exampleBoolean":false,"groupingId":"-str-profile"},{"extension":[{"url":"http://hl7.org/fhir/StructureDefinition/implementationguide-page","valueUri":"ValueSet-ndhm-encounter-type.html"}],"reference":{"reference":"ValueSet/ndhm-encounter-type"},"name":"EncounterTypes","description":"This value set includes codes from SNOMED CT","exampleBoolean":false,"groupingId":"-term-valueset"},{"extension":[{"url":"http://hl7.org/fhir/StructureDefinition/implementationguide-page","valueUri":"ValueSet-ndhm-diagnostic-report-type.html"}],"reference":{"reference":"ValueSet/ndhm-diagnostic-report-type"},"name":"Diagnostic Report Type","description":"The Diagnostic Report Type Value Set is a set of types supported for Diagnostic Reports and notes.","exampleBoolean":false,"groupingId":"-term-valueset"},{"extension":[{"url":"http://hl7.org/fhir/StructureDefinition/implementationguide-page","valueUri":"ValueSet-ndhm-diagnosis-use.html"}],"reference":{"reference":"ValueSet/ndhm-diagnosis-use"},"name":"Diagnosis Use","description":"This value set contains a set of SNOMED CT codes for Diagnosis type","exampleBoolean":false,"groupingId":"-term-valueset"},{"extension":[{"url":"http://hl7.org/fhir/StructureDefinition/implementationguide-page","valueUri":"ValueSet-ndhm-practitioner-role.html"}],"reference":{"reference":"ValueSet/ndhm-practitioner-role"},"name":"Practitioner Role","description":"This value set defines a set of codes that can be used to indicate the role of a Practitioner.","exampleBoolean":false,"groupingId":"-term-valueset"},{"extension":[{"url":"http://hl7.org/fhir/StructureDefinition/implementationguide-page","valueUri":"ValueSet-ndhm-route-of-administration.html"}],"reference":{"reference":"ValueSet/ndhm-route-of-administration"},"name":"Route Of Administration","description":"This value set contains a set of SNOMED CT codes for Route Of Administration","exampleBoolean":false,"groupingId":"-term-valueset"},{"extension":[{"url":"http://hl7.org/fhir/StructureDefinition/implementationguide-page","valueUri":"ValueSet-ndhm-specimen-types.html"}],"reference":{"reference":"ValueSet/ndhm-specimen-types"},"name":"Specimen Types","description":"This value set contains a set of SNOMED CT codes for Specimen Types","exampleBoolean":false,"groupingId":"-term-valueset"},{"extension":[{"url":"http://hl7.org/fhir/StructureDefinition/implementationguide-page","valueUri":"ValueSet-ndhm-medicine-codes.html"}],"reference":{"reference":"ValueSet/ndhm-medicine-codes"},"name":"Medicine Codes","description":"This Value Set covers: Clinical Drugs from SNOMED CT International Edition, Clinical Drugs and Branded Medicines (Real Clinical Drugs) from Common Drug Codes for India (National Extension). For more information refer: [https://www.nrces.in/services/national-releases](https://www.nrces.in/services/national-releases)","exampleBoolean":false,"groupingId":"-term-valueset"},{"extension":[{"url":"http://hl7.org/fhir/StructureDefinition/implementationguide-page","valueUri":"ValueSet-ndhm-vaccine-codes.html"}],"reference":{"reference":"ValueSet/ndhm-vaccine-codes"},"name":"Vaccine Codes","description":"This value set covers : All leaf nodes (preferred term) of children of Vaccine product containing bacteria antigen (medicinal product) and Vaccine product containing virus antigen (medicinal product) of the SNOMED CT","exampleBoolean":false,"groupingId":"-term-valueset"},{"extension":[{"url":"http://hl7.org/fhir/StructureDefinition/implementationguide-page","valueUri":"ValueSet-ndhm-lifestyle.html"}],"reference":{"reference":"ValueSet/ndhm-lifestyle"},"name":"Lifestyle","description":"This value set covers LOINC Codes for type of Lifestyle","exampleBoolean":false,"groupingId":"-term-valueset"},{"extension":[{"url":"http://hl7.org/fhir/StructureDefinition/implementationguide-page","valueUri":"ValueSet-ndhm-women-health.html"}],"reference":{"reference":"ValueSet/ndhm-women-health"},"name":"Women Health","description":"This value set covers LOINC Codes for Women Health","exampleBoolean":false,"groupingId":"-term-valueset"},{"extension":[{"url":"http://hl7.org/fhir/StructureDefinition/implementationguide-page","valueUri":"ValueSet-ndhm-general-assessment.html"}],"reference":{"reference":"ValueSet/ndhm-general-assessment"},"name":"General Assessment","description":"This value set covers LOINC and SNOMED CT Codes for General Assessment","exampleBoolean":false,"groupingId":"-term-valueset"},{"extension":[{"url":"http://hl7.org/fhir/StructureDefinition/implementationguide-page","valueUri":"ValueSet-ndhm-physical-activity.html"}],"reference":{"reference":"ValueSet/ndhm-physical-activity"},"name":"Physical Activity","description":"This value set covers LOINC Codes for Physical Activity","exampleBoolean":false,"groupingId":"-term-valueset"},{"extension":[{"url":"http://hl7.org/fhir/StructureDefinition/implementationguide-page","valueUri":"ValueSet-ndhm-body-measurement.html"}],"reference":{"reference":"ValueSet/ndhm-body-measurement"},"name":"Body Measurement","description":"This value set covers LOINC Codes for Body Measurement","exampleBoolean":false,"groupingId":"-term-valueset"},{"extension":[{"url":"http://hl7.org/fhir/StructureDefinition/implementationguide-page","valueUri":"ValueSet-ndhm-vital-signs.html"}],"reference":{"reference":"ValueSet/ndhm-vital-signs"},"name":"Vital Signs","description":"This value set covers LOINC Codes for Vital Signs","exampleBoolean":false,"groupingId":"-term-valueset"},{"extension":[{"url":"http://hl7.org/fhir/StructureDefinition/implementationguide-page","valueUri":"ValueSet-ndhm-alcohol-drinking-status.html"}],"reference":{"reference":"ValueSet/ndhm-alcohol-drinking-status"},"name":"Alcohol Drinking Status","description":"This value set covers : All children (preferred term) of finding relating to alcohol drinking behavior (finding) of the SNOMED CT","exampleBoolean":false,"groupingId":"-term-valueset"},{"extension":[{"url":"http://hl7.org/fhir/StructureDefinition/implementationguide-page","valueUri":"ValueSet-ndhm-tobacco-smoking-status.html"}],"reference":{"reference":"ValueSet/ndhm-tobacco-smoking-status"},"name":"Tobacco Smoking Status","description":"This value set covers : All children (preferred term) of Finding relating to tobacco smoking behavior (finding) of the SNOMED CT","exampleBoolean":false,"groupingId":"-term-valueset"},{"extension":[{"url":"http://hl7.org/fhir/StructureDefinition/implementationguide-page","valueUri":"ValueSet-ndhm-tobacco-chewing-status.html"}],"reference":{"reference":"ValueSet/ndhm-tobacco-chewing-status"},"name":"Tobacco Chewing Status","description":"This value set covers : All children (preferred term) of Finding relating to tobacco chewing of the SNOMED CT","exampleBoolean":false,"groupingId":"-term-valueset"},{"extension":[{"url":"http://hl7.org/fhir/StructureDefinition/implementationguide-page","valueUri":"ValueSet-ndhm-mental-status.html"}],"reference":{"reference":"ValueSet/ndhm-mental-status"},"name":"Mental Status","description":"This value set covers : All children (preferred term) of finding relating to Emotional state finding (finding) of the SNOMED CT","exampleBoolean":false,"groupingId":"-term-valueset"},{"extension":[{"url":"http://hl7.org/fhir/StructureDefinition/implementationguide-page","valueUri":"ValueSet-ndhm-diet-type.html"}],"reference":{"reference":"ValueSet/ndhm-diet-type"},"name":"Diet Type","description":"This value set covers : All children (preferred term) of finding relating to Dietary finding (finding) of the SNOMED CT","exampleBoolean":false,"groupingId":"-term-valueset"},{"extension":[{"url":"http://hl7.org/fhir/StructureDefinition/implementationguide-page","valueUri":"ValueSet-ndhm-general-well-being.html"}],"reference":{"reference":"ValueSet/ndhm-general-well-being"},"name":"General Wellbeing","description":"This value set covers : All children (preferred term) of General well-being finding (finding) of the SNOMED CT","exampleBoolean":false,"groupingId":"-term-valueset"}],"page":{"nameUrl":"toc.html","title":"Table of Contents","generation":"html","page":[{"nameUrl":"index.html","title":"Home","generation":"markdown"},{"nameUrl":"profiles.html","title":"Profiles","generation":"markdown","page":[{"nameUrl":"StructureDefinition-Appointment.html","title":"StructureDefinition Appointment","generation":"generated"},{"nameUrl":"StructureDefinition-AllergyIntolerance.html","title":"StructureDefinition AllergyIntolerance","generation":"generated"},{"nameUrl":"StructureDefinition-Binary.html","title":"StructureDefinition Binary","generation":"generated"},{"nameUrl":"StructureDefinition-CarePlan.html","title":"StructureDefinition CarePlan","generation":"generated"},{"nameUrl":"StructureDefinition-Condition.html","title":"StructureDefinition Condition","generation":"generated"},{"nameUrl":"StructureDefinition-DocumentBundle.html","title":"StructureDefinition DocumentBundle","generation":"generated"},{"nameUrl":"StructureDefinition-DocumentReference.html","title":"StructureDefinition DocumentReference","generation":"generated"},{"nameUrl":"StructureDefinition-DiagnosticReportImaging.html","title":"StructureDefinition DiagnosticReportImaging","generation":"generated"},{"nameUrl":"StructureDefinition-DiagnosticReportLab.html","title":"StructureDefinition DiagnosticReportLab","generation":"generated"},{"nameUrl":"StructureDefinition-DiagnosticReportRecord.html","title":"StructureDefinition DiagnosticReportRecord","generation":"generated"},{"nameUrl":"StructureDefinition-DischargeSummaryRecord.html","title":"StructureDefinition DischargeSummaryRecord","generation":"generated"},{"nameUrl":"StructureDefinition-Encounter.html","title":"StructureDefinition Encounter","generation":"generated"},{"nameUrl":"StructureDefinition-HealthDocumentRecord.html","title":"StructureDefinition HealthDocumentRecord","generation":"generated"},{"nameUrl":"StructureDefinition-Immunization.html","title":"StructureDefinition Immunization","generation":"generated"},{"nameUrl":"StructureDefinition-ImmunizationRecord.html","title":"StructureDefinition ImmunizationRecord","generation":"generated"},{"nameUrl":"StructureDefinition-ImmunizationRecommendation.html","title":"StructureDefinition ImmunizationRecommendation","generation":"generated"},{"nameUrl":"StructureDefinition-MedicationRequest.html","title":"StructureDefinition MedicationRequest","generation":"generated"},{"nameUrl":"StructureDefinition-MedicationStatement.html","title":"StructureDefinition MedicationStatement","generation":"generated"},{"nameUrl":"StructureDefinition-Media.html","title":"StructureDefinition Media","generation":"generated"},{"nameUrl":"StructureDefinition-Observation.html","title":"StructureDefinition Observation","generation":"generated"},{"nameUrl":"StructureDefinition-ObservationVitalSigns.html","title":"StructureDefinition ObservationVitalSigns","generation":"generated"},{"nameUrl":"StructureDefinition-ObservationBodyMeasurement.html","title":"StructureDefinition ObservationBodyMeasurement","generation":"generated"},{"nameUrl":"StructureDefinition-ObservationPhysicalActivity.html","title":"StructureDefinition ObservationPhysicalActivity","generation":"generated"},{"nameUrl":"StructureDefinition-ObservationGeneralAssessment.html","title":"StructureDefinition ObservationGeneralAssessment","generation":"generated"},{"nameUrl":"StructureDefinition-ObservationWomenHealth.html","title":"StructureDefinition ObservationWomenHealth","generation":"generated"},{"nameUrl":"StructureDefinition-Organization.html","title":"StructureDefinition Organization","generation":"generated"},{"nameUrl":"StructureDefinition-ObservationLifestyle.html","title":"StructureDefinition ObservationLifestyle","generation":"generated"},{"nameUrl":"StructureDefinition-PractitionerRole.html","title":"StructureDefinition PractitionerRole","generation":"generated"},{"nameUrl":"StructureDefinition-Practitioner.html","title":"StructureDefinition Practitioner","generation":"generated"},{"nameUrl":"StructureDefinition-Patient.html","title":"StructureDefinition Patient","generation":"generated"},{"nameUrl":"StructureDefinition-Procedure.html","title":"StructureDefinition Procedure","generation":"generated"},{"nameUrl":"StructureDefinition-ImagingStudy.html","title":"StructureDefinition ImagingStudy","generation":"generated"},{"nameUrl":"StructureDefinition-OPConsultRecord.html","title":"StructureDefinition OPConsultRecord","generation":"generated"},{"nameUrl":"StructureDefinition-FamilyMemberHistory.html","title":"StructureDefinition FamilyMemberHistory","generation":"generated"},{"nameUrl":"StructureDefinition-Encounter.html","title":"StructureDefinition Encounter","generation":"generated"},{"nameUrl":"StructureDefinition-PrescriptionRecord.html","title":"StructureDefinition PrescriptionRecord","generation":"generated"},{"nameUrl":"StructureDefinition-ServiceRequest.html","title":"StructureDefinition ServiceRequest","generation":"generated"},{"nameUrl":"StructureDefinition-Specimen.html","title":"StructureDefinition Specimen","generation":"generated"},{"nameUrl":"StructureDefinition-WellnessRecord.html","title":"StructureDefinition WellnessRecord","generation":"generated"}]},{"nameUrl":"extensions.html","title":"Extensions","generation":"markdown","page":[{"nameUrl":"StructureDefinition-BrandName.html","title":"Extension BrandName","generation":"generated"}]},{"nameUrl":"terminology.html","title":"Terminology","generation":"markdown","page":[{"nameUrl":"ValueSet-ndhm-diagnosis-use.html","title":"ValueSet Diagnosis Use","generation":"generated"},{"nameUrl":"ValueSet-ndhm-practitioner-role.html","title":"ValueSet Practitioner Role","generation":"generated"},{"nameUrl":"ValueSet-ndhm-route-of-administration.html","title":"ValueSet Route Of Administration","generation":"generated"},{"nameUrl":"ValueSet-ndhm-specimen-types.html","title":"ValueSet Specimen Types","generation":"generated"},{"nameUrl":"ValueSet-ndhm-medicine-codes.html","title":"ValueSet Medicine Codes","generation":"generated"},{"nameUrl":"ValueSet-ndhm-vaccine-codes.html","title":"ValueSet Vaccine Codes","generation":"generated"},{"nameUrl":"ValueSet-ndhm-lifestyle.html","title":"ValueSet Lifestyle","generation":"generated"},{"nameUrl":"ValueSet-ndhm-women-health.html","title":"ValueSet Women Health","generation":"generated"},{"nameUrl":"ValueSet-ndhm-general-assessment.html","title":"ValueSet General Assessment","generation":"generated"},{"nameUrl":"ValueSet-ndhm-physical-activity.html","title":"ValueSet Physical Activity","generation":"generated"},{"nameUrl":"ValueSet-ndhm-body-measurement.html","title":"ValueSet Body Measurement","generation":"generated"},{"nameUrl":"ValueSet-ndhm-vital-signs.html","title":"ValueSet Vital Signs","generation":"generated"},{"nameUrl":"ValueSet-ndhm-alcohol-drinking-status.html","title":"ValueSet Alcohol Drinking Status","generation":"generated"},{"nameUrl":"ValueSet-ndhm-tobacco-smoking-status.html","title":"ValueSet Tobacco Smoking Status","generation":"generated"},{"nameUrl":"ValueSet-ndhm-tobacco-chewing-status.html","title":"ValueSet Tobacco Chewing Status","generation":"generated"},{"nameUrl":"ValueSet-ndhm-mental-status.html","title":"ValueSet Mental Status","generation":"generated"},{"nameUrl":"ValueSet-ndhm-diet-type.html","title":"ValueSet Diet Type","generation":"generated"},{"nameUrl":"ValueSet-ndhm-general-well-being.html","title":"ValueSet General Well-being","generation":"generated"},{"nameUrl":"ValueSet-ndhm-diagnostic-report-type.html","title":"ValueSet Diagnostic Report Type","generation":"generated"},{"nameUrl":"ValueSet-ndhm-encounter-type.html","title":"ValueSet Encounter Type","generation":"generated"}]},{"nameUrl":"all-examples.html","title":"All Examples","generation":"markdown"},{"nameUrl":"downloads.html","title":"Downloads","generation":"markdown"},{"nameUrl":"artifacts.html","title":"Artifacts Summary","generation":"html","page":[{"nameUrl":"StructureDefinition-Organization.html","title":"StructureDefinition/Organization","generation":"generated"},{"nameUrl":"StructureDefinition-Condition.html","title":"StructureDefinition/Condition","generation":"generated"},{"nameUrl":"StructureDefinition-MedicationRequest.html","title":"StructureDefinition/MedicationRequest","generation":"generated"},{"nameUrl":"StructureDefinition-MedicationStatement.html","title":"StructureDefinition/MedicationStatement","generation":"generated"},{"nameUrl":"StructureDefinition-Observation.html","title":"StructureDefinition/Observation","generation":"generated"},{"nameUrl":"StructureDefinition-ObservationVitalSigns.html","title":"StructureDefinition/ObservationVitalSigns","generation":"generated"},{"nameUrl":"StructureDefinition-ObservationLifestyle.html","title":"StructureDefinition/ObservationLifestyle","generation":"generated"},{"nameUrl":"StructureDefinition-ObservationWomenHealth.html","title":"StructureDefinition/ObservationWomenHealth","generation":"generated"},{"nameUrl":"StructureDefinition-ObservationGeneralAssessment.html","title":"StructureDefinition/ObservationGeneralAssessment","generation":"generated"},{"nameUrl":"StructureDefinition-ObservationPhysicalActivity.html","title":"StructureDefinition/ObservationPhysicalActivity","generation":"generated"},{"nameUrl":"StructureDefinition-ObservationBodyMeasurement.html","title":"StructureDefinition/ObservationBodyMeasurement","generation":"generated"},{"nameUrl":"StructureDefinition-WellnessRecord.html","title":"StructureDefinition/WellnessRecord","generation":"generated"},{"nameUrl":"StructureDefinition-OPConsultRecord.html","title":"StructureDefinition/OPConsultRecord","generation":"generated"},{"nameUrl":"StructureDefinition-Appointment.html","title":"StructureDefinition/Appointment","generation":"generated"},{"nameUrl":"StructureDefinition-PractitionerRole.html","title":"StructureDefinition/PractitionerRole","generation":"generated"},{"nameUrl":"StructureDefinition-AllergyIntolerance.html","title":"StructureDefinition/AllergyIntolerance","generation":"generated"},{"nameUrl":"StructureDefinition-Practitioner.html","title":"StructureDefinition/Practitioner","generation":"generated"},{"nameUrl":"StructureDefinition-Encounter.html","title":"StructureDefinition/Encounter","generation":"generated"},{"nameUrl":"StructureDefinition-Patient.html","title":"StructureDefinition/Patient","generation":"generated"},{"nameUrl":"StructureDefinition-Procedure.html","title":"StructureDefinition/Procedure","generation":"generated"},{"nameUrl":"StructureDefinition-DocumentReference.html","title":"StructureDefinition/DocumentReference","generation":"generated"},{"nameUrl":"StructureDefinition-CarePlan.html","title":"StructureDefinition/CarePlan","generation":"generated"},{"nameUrl":"StructureDefinition-Binary.html","title":"StructureDefinition/Binary","generation":"generated"},{"nameUrl":"StructureDefinition-DiagnosticReportImaging.html","title":"StructureDefinition/DiagnosticReportImaging","generation":"generated"},{"nameUrl":"StructureDefinition-DiagnosticReportLab.html","title":"StructureDefinition/DiagnosticReportImaging","generation":"generated"},{"nameUrl":"StructureDefinition-DiagnosticReportRecord.html","title":"StructureDefinition/DiagnosticReportRecord","generation":"generated"},{"nameUrl":"StructureDefinition-DischargeSummaryRecord.html","title":"StructureDefinition/DischargeSummaryRecord","generation":"generated"},{"nameUrl":"StructureDefinition-DocumentBundle.html","title":"StructureDefinition/DocumentBundle","generation":"generated"},{"nameUrl":"StructureDefinition-FamilyMemberHistory.html","title":"StructureDefinition/FamilyMemberHistory","generation":"generated"},{"nameUrl":"StructureDefinition-ImagingStudy.html","title":"StructureDefinition/ImagingStudy","generation":"generated"},{"nameUrl":"StructureDefinition-Media.html","title":"StructureDefinition/Media","generation":"generated"},{"nameUrl":"StructureDefinition-Immunization.html","title":"StructureDefinition/Immunization","generation":"generated"},{"nameUrl":"StructureDefinition-ImmunizationRecommendation.html","title":"StructureDefinition/ImmunizationRecommendation","generation":"generated"},{"nameUrl":"StructureDefinition-ImmunizationRecord.html","title":"StructureDefinition/ImmunizationRecord","generation":"generated"},{"nameUrl":"StructureDefinition-PrescriptionRecord.html","title":"StructureDefinition/PrescriptionRecord","generation":"generated"},{"nameUrl":"StructureDefinition-HealthDocumentRecord.html","title":"StructureDefinition/HealthDocumentRecord","generation":"generated"},{"nameUrl":"StructureDefinition-ServiceRequest.html","title":"StructureDefinition/ServiceRequest","generation":"generated"},{"nameUrl":"StructureDefinition-Specimen.html","title":"StructureDefinition/Specimen","generation":"generated"},{"nameUrl":"StructureDefinition-BrandName.html","title":"StructureDefinition/BrandName","generation":"generated"},{"nameUrl":"ValueSet-ndhm-encounter-type.html","title":"EncounterTypes","generation":"generated"},{"nameUrl":"ValueSet-ndhm-diagnostic-report-type.html","title":"Diagnostic Report Type","generation":"generated"},{"nameUrl":"ValueSet-ndhm-diagnosis-use.html","title":"Diagnosis Use","generation":"generated"},{"nameUrl":"ValueSet-ndhm-practitioner-role.html","title":"Practitioner Role","generation":"generated"},{"nameUrl":"ValueSet-ndhm-route-of-administration.html","title":"Route Of Administration","generation":"generated"},{"nameUrl":"ValueSet-ndhm-specimen-types.html","title":"Specimen Types","generation":"generated"},{"nameUrl":"ValueSet-ndhm-medicine-codes.html","title":"Medicine Codes","generation":"generated"},{"nameUrl":"ValueSet-ndhm-vaccine-codes.html","title":"Vaccine Codes","generation":"generated"},{"nameUrl":"ValueSet-ndhm-lifestyle.html","title":"Lifestyle","generation":"generated"},{"nameUrl":"ValueSet-ndhm-women-health.html","title":"Women Health","generation":"generated"},{"nameUrl":"ValueSet-ndhm-general-assessment.html","title":"General Assessment","generation":"generated"},{"nameUrl":"ValueSet-ndhm-physical-activity.html","title":"Physical Activity","generation":"generated"},{"nameUrl":"ValueSet-ndhm-body-measurement.html","title":"Body Measurement","generation":"generated"},{"nameUrl":"ValueSet-ndhm-vital-signs.html","title":"Vital Signs","generation":"generated"},{"nameUrl":"ValueSet-ndhm-alcohol-drinking-status.html","title":"Alcohol Drinking Status","generation":"generated"},{"nameUrl":"ValueSet-ndhm-tobacco-smoking-status.html","title":"Tobacco Smoking Status","generation":"generated"},{"nameUrl":"ValueSet-ndhm-tobacco-chewing-status.html","title":"Tobacco Chewing Status","generation":"generated"},{"nameUrl":"ValueSet-ndhm-mental-status.html","title":"Mental Status","generation":"generated"},{"nameUrl":"ValueSet-ndhm-diet-type.html","title":"Diet Type","generation":"generated"},{"nameUrl":"ValueSet-ndhm-general-well-being.html","title":"General Wellbeing","generation":"generated"},{"nameUrl":"Observation-lab-example-01.html","title":"Observation-lab-example-01","generation":"generated"},{"nameUrl":"Observation-finding-example-01.html","title":"Observation-finding-example-01","generation":"generated"},{"nameUrl":"Observation-example-03.html","title":"Observation-lab-example-03","generation":"generated"},{"nameUrl":"Observation-example-04.html","title":"Observation-lab-example-04","generation":"generated"},{"nameUrl":"Observation-example-05.html","title":"Observation-lab-example-05","generation":"generated"},{"nameUrl":"Observation-example-06.html","title":"Observation-lab-example-06","generation":"generated"},{"nameUrl":"Observation-example-07.html","title":"Observation-lab-example-07","generation":"generated"},{"nameUrl":"Observation-example-08.html","title":"Observation-lab-example-08","generation":"generated"},{"nameUrl":"Observation-example-09.html","title":"Observation-lab-example-09","generation":"generated"},{"nameUrl":"Observation-example-10.html","title":"Observation-lab-example-10","generation":"generated"},{"nameUrl":"Observation-example-11.html","title":"Observation-lab-example-11","generation":"generated"},{"nameUrl":"Observation-example-12.html","title":"Observation-lab-example-12","generation":"generated"},{"nameUrl":"Observation-example-13.html","title":"Observation-lab-example-13","generation":"generated"},{"nameUrl":"Observation-example-14.html","title":"Observation-lab-example-14","generation":"generated"},{"nameUrl":"Observation-example-15.html","title":"Observation/example-15","generation":"generated"},{"nameUrl":"Observation-example-16.html","title":"Observation/example-16","generation":"generated"},{"nameUrl":"Observation-example-17.html","title":"Observation/example-17","generation":"generated"},{"nameUrl":"Observation-example-18.html","title":"Observation/example-18","generation":"generated"},{"nameUrl":"Observation-example-19.html","title":"Observation/example-19","generation":"generated"},{"nameUrl":"Observation-example-20.html","title":"Observation/example-20","generation":"generated"},{"nameUrl":"Observation-example-21.html","title":"Observation/example-21","generation":"generated"},{"nameUrl":"Observation-example-22.html","title":"Observation/example-22","generation":"generated"},{"nameUrl":"Observation-example-23.html","title":"Observation/example-23","generation":"generated"},{"nameUrl":"Observation-example-24.html","title":"Observation/example-24","generation":"generated"},{"nameUrl":"Observation-example-25.html","title":"Observation/example-25","generation":"generated"},{"nameUrl":"Observation-example-26.html","title":"Observation/example-26","generation":"generated"},{"nameUrl":"Observation-example-27.html","title":"Observation/example-27","generation":"generated"},{"nameUrl":"Observation-example-28.html","title":"Observation/example-28","generation":"generated"},{"nameUrl":"Observation-example-29.html","title":"Observation/example-29","generation":"generated"},{"nameUrl":"Observation-example-30.html","title":"Observation/example-30","generation":"generated"},{"nameUrl":"Observation-example-31.html","title":"Observation/example-31","generation":"generated"},{"nameUrl":"Observation-example-32.html","title":"Observation/example-32","generation":"generated"},{"nameUrl":"Observation-example-33.html","title":"Observation/example-33","generation":"generated"},{"nameUrl":"Observation-example-34.html","title":"Observation/example-34","generation":"generated"},{"nameUrl":"Observation-example-35.html","title":"Observation/example-35","generation":"generated"},{"nameUrl":"Observation-example-36.html","title":"Observation/example-36","generation":"generated"},{"nameUrl":"Procedure-example-01.html","title":"Procedure/example-01","generation":"generated"},{"nameUrl":"Bundle-DiagnosticReport-Imaging-DCM-example-01.html","title":"Bundle/DiagnosticReport-Imaging-DCM-example-01","generation":"generated"},{"nameUrl":"Bundle-DiagnosticReport-Imaging-Media-example-02.html","title":"Bundle/DiagnosticReport-Imaging-Media-example-02","generation":"generated"},{"nameUrl":"Bundle-DiagnosticReport-Lab-example-03.html","title":"Bundle/DiagnosticReport-Lab-example-03","generation":"generated"},{"nameUrl":"Bundle-DischargeSummary-example-04.html","title":"Bundle/DischargeSummary-example-04","generation":"generated"},{"nameUrl":"Bundle-OPConsultNote-example-05.html","title":"Bundle/DischargeSummary-example-05","generation":"generated"},{"nameUrl":"Bundle-Prescription-example-06.html","title":"Bundle/Prescription-example-06","generation":"generated"},{"nameUrl":"Bundle-ImmunizationRecord-example-07.html","title":"Bundle/ImmunizationRecord-example-07","generation":"generated"},{"nameUrl":"Bundle-ImmunizationRecord-for-WHO-DDCC.html","title":"Bundle/ImmunizationRecord-for-WHO-DDCC","generation":"generated"},{"nameUrl":"Bundle-HealthDocumentRecord-example-01.html","title":"Bundle/HealthDocumentRecord-example-01","generation":"generated"},{"nameUrl":"Bundle-WellnessRecord-example-01.html","title":"Bundle/WellnessRecord-example-01","generation":"generated"},{"nameUrl":"Condition-example-01.html","title":"Bundle/Condition/example-01","generation":"generated"},{"nameUrl":"Organization-example-01.html","title":"Organization/example-01","generation":"generated"},{"nameUrl":"Encounter-example-01.html","title":"Encounter/example-01","generation":"generated"},{"nameUrl":"DiagnosticReport-Lab-example-01.html","title":"DiagnosticReport/Lab-example-01","generation":"generated"},{"nameUrl":"DiagnosticReport-ImagingDCM-example-02.html","title":"DiagnosticReport/ImagingDCM-example-02","generation":"generated"},{"nameUrl":"DiagnosticReport-ImagingMedia-example-03.html","title":"DiagnosticReport/ImagingMedia-example-03","generation":"generated"},{"nameUrl":"Patient-example-01.html","title":"Patient/example-01","generation":"generated"},{"nameUrl":"MedicationRequest-example-01.html","title":"MedicationRequest/example-01","generation":"generated"},{"nameUrl":"Practitioner-example-01.html","title":"Practitioner/example-01","generation":"generated"},{"nameUrl":"DocumentReference-example-01.html","title":"DocumentReference/example-01","generation":"generated"},{"nameUrl":"AllergyIntolerance-example-01.html","title":"AllergyIntolerance/example-01","generation":"generated"},{"nameUrl":"CarePlan-example-01.html","title":"CarePlan/example-01","generation":"generated"},{"nameUrl":"Appointment-example-01.html","title":"Appointment/example-01","generation":"generated"},{"nameUrl":"Binary-example-01.html","title":"Binary/example-01","generation":"generated"},{"nameUrl":"Media-example-01.html","title":"Media/example-01","generation":"generated"},{"nameUrl":"ImagingStudy-example-01.html","title":"ImagingStudy/example-01","generation":"generated"},{"nameUrl":"ServiceRequest-example-01.html","title":"ServiceRequest/example-01","generation":"generated"},{"nameUrl":"Specimen-example-01.html","title":"Specimen/example-01","generation":"generated"},{"nameUrl":"Immunization-example-01.html","title":"Immunization/example-01","generation":"generated"},{"nameUrl":"Immunization-example-WHO-DDCC.html","title":"Immunization/example-WHO-DDCC","generation":"generated"},{"nameUrl":"ImmunizationRecommendation-example-01.html","title":"ImmunizationRecommendation/example-01","generation":"generated"},{"nameUrl":"PractitionerRole-example-01.html","title":"PractitionerRole/example-01","generation":"generated"},{"nameUrl":"FamilyMemberHistory-example-01.html","title":"FamilyMemberHistory/example-01","generation":"generated"},{"nameUrl":"MedicationStatement-example-01.html","title":"MedicationStatement/example-01","generation":"generated"},{"nameUrl":"Location-example-01.html","title":"Location/example-01","generation":"generated"}]}]},"parameter":[{"code":"apply","value":"jurisdiction"},{"code":"generate-xml","value":"xml"},{"code":"generate-json","value":"JSON"},{"code":"path-resource","value":"input\\history"},{"code":"path-resource","value":"input/capabilities"},{"code":"path-resource","value":"input/examples"},{"code":"path-resource","value":"input/extensions"},{"code":"path-resource","value":"input/models"},{"code":"path-resource","value":"input/operations"},{"code":"path-resource","value":"input/profiles"},{"code":"path-resource","value":"input/resources"},{"code":"path-resource","value":"input/vocabulary"},{"code":"path-resource","value":"input/testing"},{"code":"path-resource","value":"input/history"},{"code":"path-resource","value":"fsh-generated/resources"},{"code":"path-pages","value":"template/config"},{"code":"path-pages","value":"input/images"},{"code":"path-tx-cache","value":"input-cache/txcache"}]}}