{"resourceType":"ValueSet","id":"ndhm-encounter-type","text":{"status":"generated","div":"<div xmlns=\"http://www.w3.org/1999/xhtml\"><ul><li>Include these codes as defined in <a href=\"http://www.snomed.org/\"><code>http://snomed.info/sct</code></a><table class=\"none\"><tr><td style=\"white-space:nowrap\"><b>Code</b></td><td><b>Display</b></td></tr><tr><td><a href=\"http://snomed.info/id/171238007\">171238007</a></td><td>Arthritis screening</td></tr><tr><td><a href=\"http://snomed.info/id/171242005\">171242005</a></td><td>Chromosome abnormality screening</td></tr><tr><td><a href=\"http://snomed.info/id/171183004\">171183004</a></td><td>Diabetes mellitus screening</td></tr><tr><td><a href=\"http://snomed.info/id/391277002\">391277002</a></td><td>Digestive system disease screening</td></tr><tr><td><a href=\"http://snomed.info/id/171219003\">171219003</a></td><td>Ear disorder screening</td></tr><tr><td><a href=\"http://snomed.info/id/473200002\">473200002</a></td><td>Genetic screening for disorder</td></tr><tr><td><a href=\"http://snomed.info/id/171233003\">171233003</a></td><td>Genitourinary disease screening</td></tr><tr><td><a href=\"http://snomed.info/id/243790003\">243790003</a></td><td>Infection screening</td></tr><tr><td><a href=\"http://snomed.info/id/60151004\">60151004</a></td><td>Neonatal screening</td></tr><tr><td><a href=\"http://snomed.info/id/171214008\">171214008</a></td><td>Neurological screening</td></tr><tr><td><a href=\"http://snomed.info/id/171228002\">171228002</a></td><td>Respiratory disease screening</td></tr><tr><td><a href=\"http://snomed.info/id/300007000\">300007000</a></td><td>Screening for cardiovascular system disease</td></tr><tr><td><a href=\"http://snomed.info/id/866150003\">866150003</a></td><td>Screening for developmental disorder</td></tr><tr><td><a href=\"http://snomed.info/id/300005008\">300005008</a></td><td>Screening for mental disorders</td></tr><tr><td><a href=\"http://snomed.info/id/15886004\">15886004</a></td><td>Screening for cancer</td></tr><tr><td><a href=\"http://snomed.info/id/370854007\">370854007</a></td><td>Screening for substance abuse</td></tr><tr><td><a href=\"http://snomed.info/id/171237002\">171237002</a></td><td>Skin disease screening</td></tr><tr><td><a href=\"http://snomed.info/id/408760009\">408760009</a></td><td>Vision screening</td></tr><tr><td><a href=\"http://snomed.info/id/274412005\">274412005</a></td><td>Eye disorder screening</td></tr><tr><td><a href=\"http://snomed.info/id/171126009\">171126009</a></td><td>Tuberculosis screening</td></tr><tr><td><a href=\"http://snomed.info/id/171121004\">171121004</a></td><td>HIV screening</td></tr><tr><td><a href=\"http://snomed.info/id/243787009\">243787009</a></td><td>Antenatal screening</td></tr><tr><td><a href=\"http://snomed.info/id/103735009\">103735009</a></td><td>Palliative care</td></tr><tr><td><a href=\"http://snomed.info/id/112802009\">112802009</a></td><td>Cardiovascular surgical procedure</td></tr><tr><td><a href=\"http://snomed.info/id/71025006\">71025006</a></td><td>Dilation procedure</td></tr><tr><td><a href=\"http://snomed.info/id/122459003\">122459003</a></td><td>Dissection procedure</td></tr><tr><td><a href=\"http://snomed.info/id/34896006\">34896006</a></td><td>Incision</td></tr><tr><td><a href=\"http://snomed.info/id/287391004\">287391004</a></td><td>Nose, mouth or pharynx operations</td></tr><tr><td><a href=\"http://snomed.info/id/386638009\">386638009</a></td><td>Obstetric operation</td></tr><tr><td><a href=\"http://snomed.info/id/112697007\">112697007</a></td><td>Operation on musculoskeletal system</td></tr><tr><td><a href=\"http://snomed.info/id/16545005\">16545005</a></td><td>Operation on nervous system</td></tr><tr><td><a href=\"http://snomed.info/id/387661001\">387661001</a></td><td>Operation on respiratory tract</td></tr><tr><td><a href=\"http://snomed.info/id/74943008\">74943008</a></td><td>Operation on trunk</td></tr><tr><td><a href=\"http://snomed.info/id/107907001\">107907001</a></td><td>Operative procedure on digestive system</td></tr><tr><td><a href=\"http://snomed.info/id/89901005\">89901005</a></td><td>Operative procedure on head</td></tr><tr><td><a href=\"http://snomed.info/id/107994000\">107994000</a></td><td>Operative procedure on hematopoietic system</td></tr><tr><td><a href=\"http://snomed.info/id/107876005\">107876005</a></td><td>Operative procedure on integumentary system</td></tr><tr><td><a href=\"http://snomed.info/id/392236004\">392236004</a></td><td>Operative procedure on spinal structure</td></tr><tr><td><a href=\"http://snomed.info/id/410771003\">410771003</a></td><td>Surgical procedure for clinical finding and/or disorder</td></tr><tr><td><a href=\"http://snomed.info/id/313071005\">313071005</a></td><td>Substance abuse counselling</td></tr><tr><td><a href=\"http://snomed.info/id/79841006\">79841006</a></td><td>Genetic counseling</td></tr><tr><td><a href=\"http://snomed.info/id/171022008\">171022008</a></td><td>Psychological counseling</td></tr><tr><td><a href=\"http://snomed.info/id/24165007\">24165007</a></td><td>Alcoholism counselling</td></tr><tr><td><a href=\"http://snomed.info/id/228557008\">228557008</a></td><td>Cognitive and behavioral therapy</td></tr><tr><td><a href=\"http://snomed.info/id/75516001\">75516001</a></td><td>Psychotherapy</td></tr><tr><td><a href=\"http://snomed.info/id/266739000\">266739000</a></td><td>Physiotherapy/remedial therapy</td></tr><tr><td><a href=\"http://snomed.info/id/5154007\">5154007</a></td><td>Speech therapy</td></tr><tr><td><a href=\"http://snomed.info/id/773412008\">773412008</a></td><td>Traditional medicine</td></tr><tr><td><a href=\"http://snomed.info/id/385804009\">385804009</a></td><td>Diabetic care</td></tr><tr><td><a href=\"http://snomed.info/id/367336001\">367336001</a></td><td>Chemotherapy</td></tr><tr><td><a href=\"http://snomed.info/id/18629005\">18629005</a></td><td>Administration of medication</td></tr><tr><td><a href=\"http://snomed.info/id/86273004\">86273004</a></td><td>Biopsy</td></tr><tr><td><a href=\"http://snomed.info/id/23835007\">23835007</a></td><td>Electroconvulsive therapy</td></tr><tr><td><a href=\"http://snomed.info/id/397619005\">397619005</a></td><td>Family planning education</td></tr></table></li></ul></div>"},"url":"https://nrces.in/ndhm/fhir/r4/ValueSet/ndhm-encounter-type","version":"2.5.0","name":"EncounterTypes","title":"EncounterTypes","status":"draft","date":"2022-06-22","publisher":"National Resource Center for EHR Standards","contact":[{"telecom":[{"system":"url","value":"http://nrces.in/"}]}],"description":"This value set includes codes from SNOMED CT","jurisdiction":[{"coding":[{"system":"urn:iso:std:iso:3166","code":"IN"}]}],"copyright":"This value set includes content from SNOMED CT, which is copyright © 2002+ International Health Terminology Standards Development Organisation (IHTSDO), and distributed by agreement between IHTSDO and HL7. Implementer use of SNOMED CT is not covered by this agreement","compose":{"include":[{"system":"http://snomed.info/sct","concept":[{"code":"171238007","display":"Arthritis screening"},{"code":"171242005","display":"Chromosome abnormality screening"},{"code":"171183004","display":"Diabetes mellitus screening"},{"code":"391277002","display":"Digestive system disease screening"},{"code":"171219003","display":"Ear disorder screening"},{"code":"473200002","display":"Genetic screening for disorder"},{"code":"171233003","display":"Genitourinary disease screening"},{"code":"243790003","display":"Infection screening"},{"code":"60151004","display":"Neonatal screening"},{"code":"171214008","display":"Neurological screening"},{"code":"171228002","display":"Respiratory disease screening"},{"code":"300007000","display":"Screening for cardiovascular system disease"},{"code":"866150003","display":"Screening for developmental disorder"},{"code":"300005008","display":"Screening for mental disorders"},{"code":"15886004","display":"Screening for cancer"},{"code":"370854007","display":"Screening for substance abuse"},{"code":"171237002","display":"Skin disease screening"},{"code":"408760009","display":"Vision screening"},{"code":"274412005","display":"Eye disorder screening"},{"code":"171126009","display":"Tuberculosis screening"},{"code":"171121004","display":"HIV screening"},{"code":"243787009","display":"Antenatal screening"},{"code":"103735009","display":"Palliative care"},{"code":"112802009","display":"Cardiovascular surgical procedure"},{"code":"71025006","display":"Dilation procedure"},{"code":"122459003","display":"Dissection procedure"},{"code":"34896006","display":"Incision"},{"code":"287391004","display":"Nose, mouth or pharynx operations"},{"code":"386638009","display":"Obstetric operation"},{"code":"112697007","display":"Operation on musculoskeletal system"},{"code":"16545005","display":"Operation on nervous system"},{"code":"387661001","display":"Operation on respiratory tract"},{"code":"74943008","display":"Operation on trunk"},{"code":"107907001","display":"Operative procedure on digestive system"},{"code":"89901005","display":"Operative procedure on head"},{"code":"107994000","display":"Operative procedure on hematopoietic system"},{"code":"107876005","display":"Operative procedure on integumentary system"},{"code":"392236004","display":"Operative procedure on spinal structure"},{"code":"410771003","display":"Surgical procedure for clinical finding and/or disorder"},{"code":"313071005","display":"Substance abuse counselling"},{"code":"79841006","display":"Genetic counseling"},{"code":"171022008","display":"Psychological counseling"},{"code":"24165007","display":"Alcoholism counselling"},{"code":"228557008","display":"Cognitive and behavioral therapy"},{"code":"75516001","display":"Psychotherapy"},{"code":"266739000","display":"Physiotherapy/remedial therapy"},{"code":"5154007","display":"Speech therapy"},{"code":"773412008","display":"Traditional medicine"},{"code":"385804009","display":"Diabetic care"},{"code":"367336001","display":"Chemotherapy"},{"code":"18629005","display":"Administration of medication"},{"code":"86273004","display":"Biopsy"},{"code":"23835007","display":"Electroconvulsive therapy"},{"code":"397619005","display":"Family planning education"}]}]}}