{"resourceType":"ValueSet","id":"ndhm-vaccine-codes","text":{"status":"generated","div":"<div xmlns=\"http://www.w3.org/1999/xhtml\"><ul><li>Include these codes as defined in <a href=\"http://www.snomed.org/\"><code>http://snomed.info/sct</code></a><table class=\"none\"><tr><td style=\"white-space:nowrap\"><b>Code</b></td><td><b>Display</b></td></tr><tr><td><a href=\"http://snomed.info/id/1119305005\">1119305005</a></td><td>COVID-19 antigen vaccine</td></tr><tr><td><a href=\"http://snomed.info/id/1119349007\">1119349007</a></td><td>COVID-19 mRNA vaccine</td></tr><tr><td><a href=\"http://snomed.info/id/871761004\">871761004</a></td><td>Rotavirus vaccine</td></tr><tr><td><a href=\"http://snomed.info/id/318351000221106\">318351000221106</a></td><td>Diphtheria toxoid and acellular pertussis and inactivated poliomyelitis type 1,2, and 3 and tetanus toxoid pediatric vaccine</td></tr><tr><td><a href=\"http://snomed.info/id/1052330009\">1052330009</a></td><td>Pneumococcal 10-valent conjugate vaccine</td></tr><tr><td><a href=\"http://snomed.info/id/836498007\">836498007</a></td><td>Mumps orthorubulavirus antigen-containing vaccine product</td></tr><tr><td><a href=\"http://snomed.info/id/871929006\">871929006</a></td><td>Diphtheria and hepatitis B and tetanus vaccine</td></tr><tr><td><a href=\"http://snomed.info/id/2261000221104\">2261000221104</a></td><td>Influenza A virus subtypes H1N1 and H3N2 and Influenza B virus Victoria and Yamagata lineage antigens only vaccine product</td></tr><tr><td><a href=\"http://snomed.info/id/428601009\">428601009</a></td><td>Paratyphoid vaccine</td></tr><tr><td><a href=\"http://snomed.info/id/836389008\">836389008</a></td><td>Vaccinia virus antigen-containing vaccine product</td></tr><tr><td><a href=\"http://snomed.info/id/871755002\">871755002</a></td><td>Typhoid Vi capsular polysaccharide vaccine</td></tr><tr><td><a href=\"http://snomed.info/id/871732000\">871732000</a></td><td>Rubella vaccine</td></tr><tr><td><a href=\"http://snomed.info/id/836400005\">836400005</a></td><td>Adenovirus antigen-containing vaccine product</td></tr><tr><td><a href=\"http://snomed.info/id/871893003\">871893003</a></td><td>Diphtheria and acellular pertussis and inactivated poliomyelitis and tetanus vaccine</td></tr><tr><td><a href=\"http://snomed.info/id/971000221109\">971000221109</a></td><td>Live attenuated typhoid vaccine in oral dose form</td></tr><tr><td><a href=\"http://snomed.info/id/601000221108\">601000221108</a></td><td>Bordetella pertussis antigen-containing vaccine product</td></tr><tr><td><a href=\"http://snomed.info/id/1181000221105\">1181000221105</a></td><td>Influenza vaccine</td></tr><tr><td><a href=\"http://snomed.info/id/871878002\">871878002</a></td><td>Diphtheria and pertussis and poliomyelitis and tetanus vaccine</td></tr><tr><td><a href=\"http://snomed.info/id/2031000221103\">2031000221103</a></td><td>Adult diphtheria and tetanus toxoids vaccine</td></tr><tr><td><a href=\"http://snomed.info/id/871723002\">871723002</a></td><td>Q fever vaccine</td></tr><tr><td><a href=\"http://snomed.info/id/871826000\">871826000</a></td><td>Diphtheria and tetanus vaccine</td></tr><tr><td><a href=\"http://snomed.info/id/871921009\">871921009</a></td><td>Staphylococcus toxoid vaccine</td></tr><tr><td><a href=\"http://snomed.info/id/836375003\">836375003</a></td><td>Hepatitis A virus antigen-containing vaccine product</td></tr><tr><td><a href=\"http://snomed.info/id/836398006\">836398006</a></td><td>Streptococcus pneumoniae antigen-containing vaccine product</td></tr><tr><td><a href=\"http://snomed.info/id/2181000221101\">2181000221101</a></td><td>Cholera vaccine in oral dose form</td></tr><tr><td><a href=\"http://snomed.info/id/1031000221108\">1031000221108</a></td><td>Human poliovirus antigen-containing vaccine product</td></tr><tr><td><a href=\"http://snomed.info/id/860818003\">860818003</a></td><td>Anthrax vaccine</td></tr><tr><td><a href=\"http://snomed.info/id/871887006\">871887006</a></td><td>Diphtheria and Haemophilus influenzae type B and pertussis and poliomyelitis and tetanus vaccine</td></tr><tr><td><a href=\"http://snomed.info/id/871803007\">871803007</a></td><td>Hepatitis A and B vaccine</td></tr><tr><td><a href=\"http://snomed.info/id/836495005\">836495005</a></td><td>Varicella-zoster virus antigen-containing vaccine product</td></tr><tr><td><a href=\"http://snomed.info/id/871717007\">871717007</a></td><td>Yellow fever vaccine</td></tr><tr><td><a href=\"http://snomed.info/id/1111000221101\">1111000221101</a></td><td>Live attenuated Argentinian haemorrhagic fever vaccine</td></tr><tr><td><a href=\"http://snomed.info/id/1111000221101\">1111000221101</a></td><td>Live attenuated Argentinian hemorrhagic fever vaccine</td></tr><tr><td><a href=\"http://snomed.info/id/871737006\">871737006</a></td><td>Mumps vaccine</td></tr><tr><td><a href=\"http://snomed.info/id/871890000\">871890000</a></td><td>Diphtheria and Haemophilus influenzae type B and poliomyelitis and tetanus vaccine</td></tr><tr><td><a href=\"http://snomed.info/id/871758000\">871758000</a></td><td>Pertussis vaccine</td></tr><tr><td><a href=\"http://snomed.info/id/871764007\">871764007</a></td><td>Haemophilus influenzae type B vaccine</td></tr><tr><td><a href=\"http://snomed.info/id/2251000221101\">2251000221101</a></td><td>Live attenuated measles and mumps and rubella and varicella-zoster vaccine</td></tr><tr><td><a href=\"http://snomed.info/id/836403007\">836403007</a></td><td>Tick-borne encephalitis virus antigen-containing vaccine product</td></tr><tr><td><a href=\"http://snomed.info/id/91000221102\">91000221102</a></td><td>Inactivated hepatitis A vaccine</td></tr><tr><td><a href=\"http://snomed.info/id/836384003\">836384003</a></td><td>Bacillus anthracis antigen-containing vaccine product</td></tr><tr><td><a href=\"http://snomed.info/id/1121000221106\">1121000221106</a></td><td>Live attenuated yellow fever vaccine</td></tr><tr><td><a href=\"http://snomed.info/id/1119220001\">1119220001</a></td><td>Pneumococcal 23-valent conjugate vaccine</td></tr><tr><td><a href=\"http://snomed.info/id/2191000221103\">2191000221103</a></td><td>Inactivated rabies vaccine grown in cellular line</td></tr><tr><td><a href=\"http://snomed.info/id/1861000221106\">1861000221106</a></td><td>BCG (Bacillus Calmette-Guerin) vaccine</td></tr><tr><td><a href=\"http://snomed.info/id/871873006\">871873006</a></td><td>Meningitis A, C, W135 and Y vaccine</td></tr><tr><td><a href=\"http://snomed.info/id/462321000124107\">462321000124107</a></td><td>Tdap - Low dose diphtheria and low dose acellular pertussis and tetanus vaccine</td></tr><tr><td><a href=\"http://snomed.info/id/319941000221104\">319941000221104</a></td><td>BCG (Bacillus Calmette-Guerin) vaccine in parenteral dose form</td></tr><tr><td><a href=\"http://snomed.info/id/871750007\">871750007</a></td><td>Hepatitis A pediatric vaccine</td></tr><tr><td><a href=\"http://snomed.info/id/871750007\">871750007</a></td><td>Hepatitis A paediatric vaccine</td></tr><tr><td><a href=\"http://snomed.info/id/871726005\">871726005</a></td><td>Rabies vaccine</td></tr><tr><td><a href=\"http://snomed.info/id/836378001\">836378001</a></td><td>Japanese encephalitis virus antigen-containing vaccine product</td></tr><tr><td><a href=\"http://snomed.info/id/2021000221101\">2021000221101</a></td><td>Tetanus toxoid vaccine</td></tr><tr><td><a href=\"http://snomed.info/id/840564009\">840564009</a></td><td>Leptospira antigen-containing vaccine product</td></tr><tr><td><a href=\"http://snomed.info/id/840599008\">840599008</a></td><td>Borrelia burgdorferi antigen-containing vaccine product</td></tr><tr><td><a href=\"http://snomed.info/id/1010308001\">1010308001</a></td><td>Inactivated whole Hepatitis A HM-175 strain vaccine</td></tr><tr><td><a href=\"http://snomed.info/id/2091000221104\">2091000221104</a></td><td>Diphtheria and Haemophilus influenza B and acellular pertussis and poliomyelitis and tetanus pediatric vaccine</td></tr><tr><td><a href=\"http://snomed.info/id/836381006\">836381006</a></td><td>Corynebacterium diphtheriae antigen-containing vaccine product</td></tr><tr><td><a href=\"http://snomed.info/id/871891001\">871891001</a></td><td>Diphtheria and hepatitis B and acellular pertussis and inactivated poliomyelitis and tetanus vaccine</td></tr><tr><td><a href=\"http://snomed.info/id/836387005\">836387005</a></td><td>Rotavirus antigen-containing vaccine product</td></tr><tr><td><a href=\"http://snomed.info/id/836368004\">836368004</a></td><td>Bacteria antigen-containing vaccine product</td></tr><tr><td><a href=\"http://snomed.info/id/774618008\">774618008</a></td><td>Diphtheria toxoid and whole cell pertussis and tetanus toxoid adsorbed vaccine</td></tr><tr><td><a href=\"http://snomed.info/id/836393002\">836393002</a></td><td>Rabies lyssavirus antigen-containing vaccine product</td></tr><tr><td><a href=\"http://snomed.info/id/871837004\">871837004</a></td><td>Diphtheria and poliomyelitis and tetanus vaccine</td></tr><tr><td><a href=\"http://snomed.info/id/871738001\">871738001</a></td><td>Live attenuated mumps vaccine</td></tr><tr><td><a href=\"http://snomed.info/id/836402002\">836402002</a></td><td>Live attenuated Mycobacterium bovis antigen-containing vaccine product</td></tr><tr><td><a href=\"http://snomed.info/id/871908002\">871908002</a></td><td>Measles and mumps and rubella and varicella virus vaccine</td></tr><tr><td><a href=\"http://snomed.info/id/991000221105\">991000221105</a></td><td>Cholera vaccine</td></tr><tr><td><a href=\"http://snomed.info/id/871721000\">871721000</a></td><td>Ebolavirus antigen only vaccine product</td></tr><tr><td><a href=\"http://snomed.info/id/871876003\">871876003</a></td><td>Diphtheria and acellular pertussis and tetanus vaccine</td></tr><tr><td><a href=\"http://snomed.info/id/2241000221103\">2241000221103</a></td><td>Live attenuated measles, mumps, and rubella vaccine</td></tr><tr><td><a href=\"http://snomed.info/id/871772009\">871772009</a></td><td>Influenza H1N1 vaccine</td></tr><tr><td><a href=\"http://snomed.info/id/871730008\">871730008</a></td><td>Low dose diphtheria vaccine</td></tr><tr><td><a href=\"http://snomed.info/id/1119254000\">1119254000</a></td><td>Pneumococcal 13-valent conjugate vaccine</td></tr><tr><td><a href=\"http://snomed.info/id/911000221103\">911000221103</a></td><td>Human papillomavirus vaccine</td></tr><tr><td><a href=\"http://snomed.info/id/318341000221109\">318341000221109</a></td><td>Diphtheria toxoid and Haemophilus influenzae type B and acellular pertussis and tetanus toxoid pediatric vaccine</td></tr><tr><td><a href=\"http://snomed.info/id/318341000221109\">318341000221109</a></td><td>Diphtheria toxoid and Haemophilus influenzae type B and acellular pertussis and tetanus toxoid paediatric vaccine</td></tr><tr><td><a href=\"http://snomed.info/id/836390004\">836390004</a></td><td>Salmonella enterica subspecies enterica serovar Typhi antigen-containing vaccine product</td></tr><tr><td><a href=\"http://snomed.info/id/961000221100\">961000221100</a></td><td>Typhoid vaccine</td></tr><tr><td><a href=\"http://snomed.info/id/871817003\">871817003</a></td><td>Measles and rubella vaccine</td></tr><tr><td><a href=\"http://snomed.info/id/871766009\">871766009</a></td><td>Live attenuated measles vaccine</td></tr><tr><td><a href=\"http://snomed.info/id/1010689004\">1010689004</a></td><td>Haemophilus influenzae type B capsular polysaccharide polyribosylribitol phosphate conjugated to Clostridium tetani toxoid vaccine</td></tr><tr><td><a href=\"http://snomed.info/id/871729003\">871729003</a></td><td>Diphtheria vaccine</td></tr><tr><td><a href=\"http://snomed.info/id/1011000221100\">1011000221100</a></td><td>Live attenuated cholera vaccine in oral dose form</td></tr><tr><td><a href=\"http://snomed.info/id/871724008\">871724008</a></td><td>Japanese encephalitis virus vaccine</td></tr><tr><td><a href=\"http://snomed.info/id/871871008\">871871008</a></td><td>Meningitis A and C vaccine</td></tr><tr><td><a href=\"http://snomed.info/id/775641005\">775641005</a></td><td>Diphtheria toxoid and tetanus toxoid adsorbed vaccine</td></tr><tr><td><a href=\"http://snomed.info/id/1801000221105\">1801000221105</a></td><td>Pneumococcal polysaccharide vaccine</td></tr><tr><td><a href=\"http://snomed.info/id/2171000221104\">2171000221104</a></td><td>Typhoid polysaccharide vaccine in parenteral dose form</td></tr><tr><td><a href=\"http://snomed.info/id/777725002\">777725002</a></td><td>Tetanus toxoid adsorbed vaccine</td></tr><tr><td><a href=\"http://snomed.info/id/2041000221105\">2041000221105</a></td><td>Haemophilus influenzae type B capsular polysaccharide conjugated vaccine</td></tr><tr><td><a href=\"http://snomed.info/id/871718002\">871718002</a></td><td>Plague vaccine</td></tr><tr><td><a href=\"http://snomed.info/id/409568008\">409568008</a></td><td>Pentavalent (ABCDE) botulinum toxoid vaccine</td></tr><tr><td><a href=\"http://snomed.info/id/121000221105\">121000221105</a></td><td>Inactivated hepatitis A and hepatitis B surface antigen vaccine</td></tr><tr><td><a href=\"http://snomed.info/id/840549009\">840549009</a></td><td>Yersinia pestis antigen-containing vaccine product</td></tr><tr><td><a href=\"http://snomed.info/id/871911001\">871911001</a></td><td>Lyme disease vaccine</td></tr><tr><td><a href=\"http://snomed.info/id/871919004\">871919004</a></td><td>Varicella-zoster vaccine</td></tr><tr><td><a href=\"http://snomed.info/id/871806004\">871806004</a></td><td>Haemophilus influenzae type B and Hepatitis B virus antigens only vaccine product</td></tr><tr><td><a href=\"http://snomed.info/id/2001000221108\">2001000221108</a></td><td>Human papillomavirus 6, 11, 16 and 18 vaccine</td></tr><tr><td><a href=\"http://snomed.info/id/871925000\">871925000</a></td><td>Hepatitis B surface antigen vaccine</td></tr><tr><td><a href=\"http://snomed.info/id/2071000221100\">2071000221100</a></td><td>Diphtheria toxoid and Haemophilus influenzae type B and whole cell pertussis and tetanus toxoid paediatric vaccine</td></tr><tr><td><a href=\"http://snomed.info/id/2071000221100\">2071000221100</a></td><td>Diphtheria toxoid and Haemophilus influenzae type B and whole cell pertussis and tetanus toxoid pediatric vaccine</td></tr><tr><td><a href=\"http://snomed.info/id/1052328007\">1052328007</a></td><td>Pneumococcal 7-valent conjugate vaccine</td></tr><tr><td><a href=\"http://snomed.info/id/1010313002\">1010313002</a></td><td>Live attenuated influenza vaccine</td></tr><tr><td><a href=\"http://snomed.info/id/871765008\">871765008</a></td><td>Measles vaccine</td></tr><tr><td><a href=\"http://snomed.info/id/1119351006\">1119351006</a></td><td>Haemophilus influenzae type B and meningitis C and Y vaccine</td></tr><tr><td><a href=\"http://snomed.info/id/836385002\">836385002</a></td><td>Yellow fever virus antigen-containing vaccine product</td></tr><tr><td><a href=\"http://snomed.info/id/871759008\">871759008</a></td><td>Acellular pertussis vaccine</td></tr><tr><td><a href=\"http://snomed.info/id/1001000221103\">1001000221103</a></td><td>Inactivated cholera vaccine in oral dose form</td></tr><tr><td><a href=\"http://snomed.info/id/871839001\">871839001</a></td><td>Diphtheria and Haemophilus influenzae B and pertussis and tetanus vaccine</td></tr><tr><td><a href=\"http://snomed.info/id/871816007\">871816007</a></td><td>Poliomyelitis and tetanus vaccine</td></tr><tr><td><a href=\"http://snomed.info/id/871742003\">871742003</a></td><td>Tetanus vaccine</td></tr><tr><td><a href=\"http://snomed.info/id/1981000221108\">1981000221108</a></td><td>Meningococcus serogroup B vaccine</td></tr><tr><td><a href=\"http://snomed.info/id/871916006\">871916006</a></td><td>Meningococcus A, C, W135 and Y capsular oligosaccharide conjugated vaccine</td></tr><tr><td><a href=\"http://snomed.info/id/871883005\">871883005</a></td><td>Diphtheria and acellular pertussis and poliomyelitis and tetanus paediatric vaccine</td></tr><tr><td><a href=\"http://snomed.info/id/871883005\">871883005</a></td><td>Diphtheria and acellular pertussis and poliomyelitis and tetanus pediatric vaccine</td></tr><tr><td><a href=\"http://snomed.info/id/836379009\">836379009</a></td><td>Human papillomavirus antigen-containing vaccine product</td></tr><tr><td><a href=\"http://snomed.info/id/871751006\">871751006</a></td><td>Hepatitis A vaccine</td></tr><tr><td><a href=\"http://snomed.info/id/840563003\">840563003</a></td><td>Dengue virus antigen-containing vaccine product</td></tr><tr><td><a href=\"http://snomed.info/id/871727001\">871727001</a></td><td>Vaccinia virus antigen only vaccine product</td></tr><tr><td><a href=\"http://snomed.info/id/1010310004\">1010310004</a></td><td>Live attenuated Oka-Merck strain varicella vaccine</td></tr><tr><td><a href=\"http://snomed.info/id/871897002\">871897002</a></td><td>Rocky Mountain spotted fever vaccine</td></tr><tr><td><a href=\"http://snomed.info/id/1081000221109\">1081000221109</a></td><td>Live attenuated rotavirus vaccine</td></tr><tr><td><a href=\"http://snomed.info/id/836382004\">836382004</a></td><td>Measles morbillivirus antigen-containing product</td></tr><tr><td><a href=\"http://snomed.info/id/1010322001\">1010322001</a></td><td>Live attenuated Oka strain varicella vaccine</td></tr><tr><td><a href=\"http://snomed.info/id/871822003\">871822003</a></td><td>Hepatitis B vaccine</td></tr><tr><td><a href=\"http://snomed.info/id/2221000221107\">2221000221107</a></td><td>Live attenuated Varicella-zoster vaccine</td></tr><tr><td><a href=\"http://snomed.info/id/1119279002\">1119279002</a></td><td>Inactivated whole Influenza H5N1 vaccine</td></tr><tr><td><a href=\"http://snomed.info/id/836388000\">836388000</a></td><td>Rubella virus antigen-containing vaccine product</td></tr><tr><td><a href=\"http://snomed.info/id/871888001\">871888001</a></td><td>Diphtheria and Haemophilus influenza B and acellular pertussis and inactivated poliomyelitis and tetanus vaccine</td></tr><tr><td><a href=\"http://snomed.info/id/1010318006\">1010318006</a></td><td>Inactivated whole Hepatitis A GBM strain vaccine</td></tr><tr><td><a href=\"http://snomed.info/id/37146000\">37146000</a></td><td>Typhus vaccine</td></tr><tr><td><a href=\"http://snomed.info/id/1991000221106\">1991000221106</a></td><td>Human papillomavirus 16 and 18 vaccine</td></tr><tr><td><a href=\"http://snomed.info/id/1061000221102\">1061000221102</a></td><td>Meningitis polysaccharide vaccine</td></tr><tr><td><a href=\"http://snomed.info/id/871894009\">871894009</a></td><td>Low dose diphtheria and acellular pertussis and inactivated poliomyelitis and tetanus vaccine</td></tr><tr><td><a href=\"http://snomed.info/id/871722007\">871722007</a></td><td>Adenovirus antigen only vaccine product</td></tr><tr><td><a href=\"http://snomed.info/id/871928003\">871928003</a></td><td>Diphtheria and measles and pertussis and poliomyelitis and tetanus vaccine</td></tr><tr><td><a href=\"http://snomed.info/id/871831003\">871831003</a></td><td>Measles and mumps and rubella vaccine</td></tr><tr><td><a href=\"http://snomed.info/id/871804001\">871804001</a></td><td>Hepatitis A and typhoid vaccine</td></tr><tr><td><a href=\"http://snomed.info/id/2211000221102\">2211000221102</a></td><td>Influenza A virus subtypes H1N1 and H3N2 and influenza B virus Victoria lineage antigens only vaccine product</td></tr><tr><td><a href=\"http://snomed.info/id/1003499009\">1003499009</a></td><td>Influenza H5N1 vaccine</td></tr><tr><td><a href=\"http://snomed.info/id/836374004\">836374004</a></td><td>Hepatitis B virus antigen-containing vaccine product</td></tr><tr><td><a href=\"http://snomed.info/id/871768005\">871768005</a></td><td>Influenza vaccine in nasal dose form</td></tr><tr><td><a href=\"http://snomed.info/id/871716003\">871716003</a></td><td>Tularemia vaccine</td></tr><tr><td><a href=\"http://snomed.info/id/871716003\">871716003</a></td><td>Tularaemia vaccine</td></tr><tr><td><a href=\"http://snomed.info/id/871825001\">871825001</a></td><td>Inactivated Japanese encephalitis virus adsorbed vaccine</td></tr><tr><td><a href=\"http://snomed.info/id/871866001\">871866001</a></td><td>Meningitis C vaccine</td></tr><tr><td><a href=\"http://snomed.info/id/836421005\">836421005</a></td><td>Ebolavirus antigen-containing vaccine product</td></tr><tr><td><a href=\"http://snomed.info/id/871895005\">871895005</a></td><td>Diphtheria and Haemophilus influenzae type B and hepatitis B and pertussis and poliomyelitis and tetanus</td></tr><tr><td><a href=\"http://snomed.info/id/921000221108\">921000221108</a></td><td>Meningococcus vaccine</td></tr><tr><td><a href=\"http://snomed.info/id/951000221102\">951000221102</a></td><td>Meningococcus group C capsular polysaccharide conjugate vaccine</td></tr><tr><td><a href=\"http://snomed.info/id/863950005\">863950005</a></td><td>Bacteria and virus antigens-containing vaccine product</td></tr><tr><td><a href=\"http://snomed.info/id/871740006\">871740006</a></td><td>Inactivated polio vaccine</td></tr><tr><td><a href=\"http://snomed.info/id/2051000221107\">2051000221107</a></td><td>Adult diphtheria toxoid and acellular pertussis and tetanus toxoid vaccine</td></tr><tr><td><a href=\"http://snomed.info/id/1131000221109\">1131000221109</a></td><td>Inactivated rabies vaccine</td></tr><tr><td><a href=\"http://snomed.info/id/871725009\">871725009</a></td><td>Inactivated Japanese encephalitis virus vaccine</td></tr><tr><td><a href=\"http://snomed.info/id/836380007\">836380007</a></td><td>Haemophilus influenzae type B antigen-containing vaccine product</td></tr><tr><td><a href=\"http://snomed.info/id/863911006\">863911006</a></td><td>Clostridium tetani antigen-containing vaccine product</td></tr><tr><td><a href=\"http://snomed.info/id/836377006\">836377006</a></td><td>Influenza virus antigen-containing vaccine product</td></tr><tr><td><a href=\"http://snomed.info/id/871918007\">871918007</a></td><td>Rickettsia antigen-containing vaccine product</td></tr><tr><td><a href=\"http://snomed.info/id/1051000221104\">1051000221104</a></td><td>Live attenuated poliovirus serotypes 1 and 3 vaccine in oral dose form</td></tr><tr><td><a href=\"http://snomed.info/id/2061000221109\">2061000221109</a></td><td>Diphtheria toxoid and whole cell pertussis and tetanus toxoid paediatric vaccine</td></tr><tr><td><a href=\"http://snomed.info/id/2061000221109\">2061000221109</a></td><td>Diphtheria toxoid and whole cell pertussis and tetanus toxoid pediatric vaccine</td></tr><tr><td><a href=\"http://snomed.info/id/871719005\">871719005</a></td><td>Tick-borne encephalitis vaccine</td></tr><tr><td><a href=\"http://snomed.info/id/860722004\">860722004</a></td><td>Junin virus antigen-containing product</td></tr><tr><td><a href=\"http://snomed.info/id/871889009\">871889009</a></td><td>Diphtheria and hepatitis B and inactivated poliomyelitis and acellular pertussis vaccine</td></tr><tr><td><a href=\"http://snomed.info/id/865997008\">865997008</a></td><td>Hepatitis A adult vaccine</td></tr><tr><td><a href=\"http://snomed.info/id/871767000\">871767000</a></td><td>Human papillomavirus 9 vaccine</td></tr><tr><td><a href=\"http://snomed.info/id/871739009\">871739009</a></td><td>Human poliovirus antigen only vaccine product</td></tr><tr><td><a href=\"http://snomed.info/id/981000221107\">981000221107</a></td><td>Pneumococcal vaccine</td></tr><tr><td><a href=\"http://snomed.info/id/836369007\">836369007</a></td><td>Virus antigen-containing vaccine product</td></tr><tr><td><a href=\"http://snomed.info/id/836401009\">836401009</a></td><td>Neisseria meningitidis antigen-containing vaccine product</td></tr><tr><td><a href=\"http://snomed.info/id/2081000221102\">2081000221102</a></td><td>Diphtheria toxoid, Haemophilus influenzae B, hepatitis B surface antigen, acellular pertussis and tetanus toxoid paediatric vaccine</td></tr><tr><td><a href=\"http://snomed.info/id/2081000221102\">2081000221102</a></td><td>Diphtheria toxoid, Haemophilus influenzae B, hepatitis B surface antigen, acellular pertussis and tetanus toxoid pediatric vaccine</td></tr><tr><td><a href=\"http://snomed.info/id/871886002\">871886002</a></td><td>Diphtheria and Haemophilus influenzae type B and hepatitis B and pertussis and tetanus vaccine</td></tr><tr><td><a href=\"http://snomed.info/id/1971000221105\">1971000221105</a></td><td>Meningococcus A, C, W135 and Y capsular polysaccharide conjugated vaccine</td></tr><tr><td><a href=\"http://snomed.info/id/840551008\">840551008</a></td><td>Francisella tularensis antigen-containing vaccine product</td></tr><tr><td><a href=\"http://snomed.info/id/871875004\">871875004</a></td><td>Diphtheria and pertussis and tetanus vaccine</td></tr><tr><td><a href=\"http://snomed.info/id/871720004\">871720004</a></td><td>Dengue vaccine</td></tr><tr><td><a href=\"http://snomed.info/id/871838009\">871838009</a></td><td>Low dose diphtheria and inactivated poliomyelitis and tetanus vaccine</td></tr><tr><td><a href=\"http://snomed.info/id/836500008\">836500008</a></td><td>Haemophilus influenzae type B and meningitis C vaccine</td></tr><tr><td><a href=\"http://snomed.info/id/836397001\">836397001</a></td><td>Coxiella burnetii antigen-containing vaccine product</td></tr><tr><td><a href=\"http://snomed.info/id/2201000221100\">2201000221100</a></td><td>Inactivated rabies virus vaccine grown in brain tissue</td></tr><tr><td><a href=\"http://snomed.info/id/2231000221105\">2231000221105</a></td><td>Live attenuated measles and rubella vaccine</td></tr><tr><td><a href=\"http://snomed.info/id/2101000221107\">2101000221107</a></td><td>Diphtheria and acellular pertussis and Haemophilus influenzae type B and hepatitis B and poliomyelitis and tetanus pediatric vaccine</td></tr><tr><td><a href=\"http://snomed.info/id/2101000221107\">2101000221107</a></td><td>Diphtheria and acellular pertussis and Haemophilus influenzae type B and hepatitis B and poliomyelitis and tetanus paediatric vaccine</td></tr><tr><td><a href=\"http://snomed.info/id/871827009\">871827009</a></td><td>Low dose diphtheria and tetanus vaccine</td></tr><tr><td><a href=\"http://snomed.info/id/836383009\">836383009</a></td><td>Vibrio cholerae antigen-containing vaccine product</td></tr></table></li></ul></div>"},"url":"https://nrces.in/ndhm/fhir/r4/ValueSet/ndhm-vaccine-codes","version":"2.5.0","name":"VaccineCodes","title":"Vaccine Codes","status":"draft","date":"2021-01-13","publisher":"National Resource Center for EHR Standards","contact":[{"telecom":[{"system":"url","value":"http://nrces.in/"}]}],"description":"This value set covers : All leaf nodes (preferred term) of children of Vaccine product containing bacteria antigen (medicinal product) and Vaccine product containing virus antigen (medicinal product) of the SNOMED CT","jurisdiction":[{"coding":[{"system":"urn:iso:std:iso:3166","code":"IN"}]}],"copyright":"This value set includes content from SNOMED CT, which is copyright © 2002+ International Health Terminology Standards Development Organisation (IHTSDO), and distributed by agreement between IHTSDO and HL7. Implementer use of SNOMED CT is not covered by this agreement","compose":{"include":[{"system":"http://snomed.info/sct","concept":[{"code":"1119305005","display":"COVID-19 antigen vaccine"},{"code":"1119349007","display":"COVID-19 mRNA vaccine"},{"code":"871761004","display":"Rotavirus vaccine"},{"code":"318351000221106","display":"Diphtheria toxoid and acellular pertussis and inactivated poliomyelitis type 1,2, and 3 and tetanus toxoid pediatric vaccine"},{"code":"1052330009","display":"Pneumococcal 10-valent conjugate vaccine"},{"code":"836498007","display":"Mumps orthorubulavirus antigen-containing vaccine product"},{"code":"871929006","display":"Diphtheria and hepatitis B and tetanus vaccine"},{"code":"2261000221104","display":"Influenza A virus subtypes H1N1 and H3N2 and Influenza B virus Victoria and Yamagata lineage antigens only vaccine product"},{"code":"428601009","display":"Paratyphoid vaccine"},{"code":"836389008","display":"Vaccinia virus antigen-containing vaccine product"},{"code":"871755002","display":"Typhoid Vi capsular polysaccharide vaccine"},{"code":"871732000","display":"Rubella vaccine"},{"code":"836400005","display":"Adenovirus antigen-containing vaccine product"},{"code":"871893003","display":"Diphtheria and acellular pertussis and inactivated poliomyelitis and tetanus vaccine"},{"code":"971000221109","display":"Live attenuated typhoid vaccine in oral dose form"},{"code":"601000221108","display":"Bordetella pertussis antigen-containing vaccine product"},{"code":"1181000221105","display":"Influenza vaccine"},{"code":"871878002","display":"Diphtheria and pertussis and poliomyelitis and tetanus vaccine"},{"code":"2031000221103","display":"Adult diphtheria and tetanus toxoids vaccine"},{"code":"871723002","display":"Q fever vaccine"},{"code":"871826000","display":"Diphtheria and tetanus vaccine"},{"code":"871921009","display":"Staphylococcus toxoid vaccine"},{"code":"836375003","display":"Hepatitis A virus antigen-containing vaccine product"},{"code":"836398006","display":"Streptococcus pneumoniae antigen-containing vaccine product"},{"code":"2181000221101","display":"Cholera vaccine in oral dose form"},{"code":"1031000221108","display":"Human poliovirus antigen-containing vaccine product"},{"code":"860818003","display":"Anthrax vaccine"},{"code":"871887006","display":"Diphtheria and Haemophilus influenzae type B and pertussis and poliomyelitis and tetanus vaccine"},{"code":"871803007","display":"Hepatitis A and B vaccine"},{"code":"836495005","display":"Varicella-zoster virus antigen-containing vaccine product"},{"code":"871717007","display":"Yellow fever vaccine"},{"code":"1111000221101","display":"Live attenuated Argentinian haemorrhagic fever vaccine"},{"code":"1111000221101","display":"Live attenuated Argentinian hemorrhagic fever vaccine"},{"code":"871737006","display":"Mumps vaccine"},{"code":"871890000","display":"Diphtheria and Haemophilus influenzae type B and poliomyelitis and tetanus vaccine"},{"code":"871758000","display":"Pertussis vaccine"},{"code":"871764007","display":"Haemophilus influenzae type B vaccine"},{"code":"2251000221101","display":"Live attenuated measles and mumps and rubella and varicella-zoster vaccine"},{"code":"836403007","display":"Tick-borne encephalitis virus antigen-containing vaccine product"},{"code":"91000221102","display":"Inactivated hepatitis A vaccine"},{"code":"836384003","display":"Bacillus anthracis antigen-containing vaccine product"},{"code":"1121000221106","display":"Live attenuated yellow fever vaccine"},{"code":"1119220001","display":"Pneumococcal 23-valent conjugate vaccine"},{"code":"2191000221103","display":"Inactivated rabies vaccine grown in cellular line"},{"code":"1861000221106","display":"BCG (Bacillus Calmette-Guerin) vaccine"},{"code":"871873006","display":"Meningitis A, C, W135 and Y vaccine"},{"code":"462321000124107","display":"Tdap - Low dose diphtheria and low dose acellular pertussis and tetanus vaccine"},{"code":"319941000221104","display":"BCG (Bacillus Calmette-Guerin) vaccine in parenteral dose form"},{"code":"871750007","display":"Hepatitis A pediatric vaccine"},{"code":"871750007","display":"Hepatitis A paediatric vaccine"},{"code":"871726005","display":"Rabies vaccine"},{"code":"836378001","display":"Japanese encephalitis virus antigen-containing vaccine product"},{"code":"2021000221101","display":"Tetanus toxoid vaccine"},{"code":"840564009","display":"Leptospira antigen-containing vaccine product"},{"code":"840599008","display":"Borrelia burgdorferi antigen-containing vaccine product"},{"code":"1010308001","display":"Inactivated whole Hepatitis A HM-175 strain vaccine"},{"code":"2091000221104","display":"Diphtheria and Haemophilus influenza B and acellular pertussis and poliomyelitis and tetanus pediatric vaccine"},{"code":"836381006","display":"Corynebacterium diphtheriae antigen-containing vaccine product"},{"code":"871891001","display":"Diphtheria and hepatitis B and acellular pertussis and inactivated poliomyelitis and tetanus vaccine"},{"code":"836387005","display":"Rotavirus antigen-containing vaccine product"},{"code":"836368004","display":"Bacteria antigen-containing vaccine product"},{"code":"774618008","display":"Diphtheria toxoid and whole cell pertussis and tetanus toxoid adsorbed vaccine"},{"code":"836393002","display":"Rabies lyssavirus antigen-containing vaccine product"},{"code":"871837004","display":"Diphtheria and poliomyelitis and tetanus vaccine"},{"code":"871738001","display":"Live attenuated mumps vaccine"},{"code":"836402002","display":"Live attenuated Mycobacterium bovis antigen-containing vaccine product"},{"code":"871908002","display":"Measles and mumps and rubella and varicella virus vaccine"},{"code":"991000221105","display":"Cholera vaccine"},{"code":"871721000","display":"Ebolavirus antigen only vaccine product"},{"code":"871876003","display":"Diphtheria and acellular pertussis and tetanus vaccine"},{"code":"2241000221103","display":"Live attenuated measles, mumps, and rubella vaccine"},{"code":"871772009","display":"Influenza H1N1 vaccine"},{"code":"871730008","display":"Low dose diphtheria vaccine"},{"code":"1119254000","display":"Pneumococcal 13-valent conjugate vaccine"},{"code":"911000221103","display":"Human papillomavirus vaccine"},{"code":"318341000221109","display":"Diphtheria toxoid and Haemophilus influenzae type B and acellular pertussis and tetanus toxoid pediatric vaccine"},{"code":"318341000221109","display":"Diphtheria toxoid and Haemophilus influenzae type B and acellular pertussis and tetanus toxoid paediatric vaccine"},{"code":"836390004","display":"Salmonella enterica subspecies enterica serovar Typhi antigen-containing vaccine product"},{"code":"961000221100","display":"Typhoid vaccine"},{"code":"871817003","display":"Measles and rubella vaccine"},{"code":"871766009","display":"Live attenuated measles vaccine"},{"code":"1010689004","display":"Haemophilus influenzae type B capsular polysaccharide polyribosylribitol phosphate conjugated to Clostridium tetani toxoid vaccine"},{"code":"871729003","display":"Diphtheria vaccine"},{"code":"1011000221100","display":"Live attenuated cholera vaccine in oral dose form"},{"code":"871724008","display":"Japanese encephalitis virus vaccine"},{"code":"871871008","display":"Meningitis A and C vaccine"},{"code":"775641005","display":"Diphtheria toxoid and tetanus toxoid adsorbed vaccine"},{"code":"1801000221105","display":"Pneumococcal polysaccharide vaccine"},{"code":"2171000221104","display":"Typhoid polysaccharide vaccine in parenteral dose form"},{"code":"777725002","display":"Tetanus toxoid adsorbed vaccine"},{"code":"2041000221105","display":"Haemophilus influenzae type B capsular polysaccharide conjugated vaccine"},{"code":"871718002","display":"Plague vaccine"},{"code":"409568008","display":"Pentavalent (ABCDE) botulinum toxoid vaccine"},{"code":"121000221105","display":"Inactivated hepatitis A and hepatitis B surface antigen vaccine"},{"code":"840549009","display":"Yersinia pestis antigen-containing vaccine product"},{"code":"871911001","display":"Lyme disease vaccine"},{"code":"871919004","display":"Varicella-zoster vaccine"},{"code":"871806004","display":"Haemophilus influenzae type B and Hepatitis B virus antigens only vaccine product"},{"code":"2001000221108","display":"Human papillomavirus 6, 11, 16 and 18 vaccine"},{"code":"871925000","display":"Hepatitis B surface antigen vaccine"},{"code":"2071000221100","display":"Diphtheria toxoid and Haemophilus influenzae type B and whole cell pertussis and tetanus toxoid paediatric vaccine"},{"code":"2071000221100","display":"Diphtheria toxoid and Haemophilus influenzae type B and whole cell pertussis and tetanus toxoid pediatric vaccine"},{"code":"1052328007","display":"Pneumococcal 7-valent conjugate vaccine"},{"code":"1010313002","display":"Live attenuated influenza vaccine"},{"code":"871765008","display":"Measles vaccine"},{"code":"1119351006","display":"Haemophilus influenzae type B and meningitis C and Y vaccine"},{"code":"836385002","display":"Yellow fever virus antigen-containing vaccine product"},{"code":"871759008","display":"Acellular pertussis vaccine"},{"code":"1001000221103","display":"Inactivated cholera vaccine in oral dose form"},{"code":"871839001","display":"Diphtheria and Haemophilus influenzae B and pertussis and tetanus vaccine"},{"code":"871816007","display":"Poliomyelitis and tetanus vaccine"},{"code":"871742003","display":"Tetanus vaccine"},{"code":"1981000221108","display":"Meningococcus serogroup B vaccine"},{"code":"871916006","display":"Meningococcus A, C, W135 and Y capsular oligosaccharide conjugated vaccine"},{"code":"871883005","display":"Diphtheria and acellular pertussis and poliomyelitis and tetanus paediatric vaccine"},{"code":"871883005","display":"Diphtheria and acellular pertussis and poliomyelitis and tetanus pediatric vaccine"},{"code":"836379009","display":"Human papillomavirus antigen-containing vaccine product"},{"code":"871751006","display":"Hepatitis A vaccine"},{"code":"840563003","display":"Dengue virus antigen-containing vaccine product"},{"code":"871727001","display":"Vaccinia virus antigen only vaccine product"},{"code":"1010310004","display":"Live attenuated Oka-Merck strain varicella vaccine"},{"code":"871897002","display":"Rocky Mountain spotted fever vaccine"},{"code":"1081000221109","display":"Live attenuated rotavirus vaccine"},{"code":"836382004","display":"Measles morbillivirus antigen-containing product"},{"code":"1010322001","display":"Live attenuated Oka strain varicella vaccine"},{"code":"871822003","display":"Hepatitis B vaccine"},{"code":"2221000221107","display":"Live attenuated Varicella-zoster vaccine"},{"code":"1119279002","display":"Inactivated whole Influenza H5N1 vaccine"},{"code":"836388000","display":"Rubella virus antigen-containing vaccine product"},{"code":"871888001","display":"Diphtheria and Haemophilus influenza B and acellular pertussis and inactivated poliomyelitis and tetanus vaccine"},{"code":"1010318006","display":"Inactivated whole Hepatitis A GBM strain vaccine"},{"code":"37146000","display":"Typhus vaccine"},{"code":"1991000221106","display":"Human papillomavirus 16 and 18 vaccine"},{"code":"1061000221102","display":"Meningitis polysaccharide vaccine"},{"code":"871894009","display":"Low dose diphtheria and acellular pertussis and inactivated poliomyelitis and tetanus vaccine"},{"code":"871722007","display":"Adenovirus antigen only vaccine product"},{"code":"871928003","display":"Diphtheria and measles and pertussis and poliomyelitis and tetanus vaccine"},{"code":"871831003","display":"Measles and mumps and rubella vaccine"},{"code":"871804001","display":"Hepatitis A and typhoid vaccine"},{"code":"2211000221102","display":"Influenza A virus subtypes H1N1 and H3N2 and influenza B virus Victoria lineage antigens only vaccine product"},{"code":"1003499009","display":"Influenza H5N1 vaccine"},{"code":"836374004","display":"Hepatitis B virus antigen-containing vaccine product"},{"code":"871768005","display":"Influenza vaccine in nasal dose form"},{"code":"871716003","display":"Tularemia vaccine"},{"code":"871716003","display":"Tularaemia vaccine"},{"code":"871825001","display":"Inactivated Japanese encephalitis virus adsorbed vaccine"},{"code":"871866001","display":"Meningitis C vaccine"},{"code":"836421005","display":"Ebolavirus antigen-containing vaccine product"},{"code":"871895005","display":"Diphtheria and Haemophilus influenzae type B and hepatitis B and pertussis and poliomyelitis and tetanus"},{"code":"921000221108","display":"Meningococcus vaccine"},{"code":"951000221102","display":"Meningococcus group C capsular polysaccharide conjugate vaccine"},{"code":"863950005","display":"Bacteria and virus antigens-containing vaccine product"},{"code":"871740006","display":"Inactivated polio vaccine"},{"code":"2051000221107","display":"Adult diphtheria toxoid and acellular pertussis and tetanus toxoid vaccine"},{"code":"1131000221109","display":"Inactivated rabies vaccine"},{"code":"871725009","display":"Inactivated Japanese encephalitis virus vaccine"},{"code":"836380007","display":"Haemophilus influenzae type B antigen-containing vaccine product"},{"code":"863911006","display":"Clostridium tetani antigen-containing vaccine product"},{"code":"836377006","display":"Influenza virus antigen-containing vaccine product"},{"code":"871918007","display":"Rickettsia antigen-containing vaccine product"},{"code":"1051000221104","display":"Live attenuated poliovirus serotypes 1 and 3 vaccine in oral dose form"},{"code":"2061000221109","display":"Diphtheria toxoid and whole cell pertussis and tetanus toxoid paediatric vaccine"},{"code":"2061000221109","display":"Diphtheria toxoid and whole cell pertussis and tetanus toxoid pediatric vaccine"},{"code":"871719005","display":"Tick-borne encephalitis vaccine"},{"code":"860722004","display":"Junin virus antigen-containing product"},{"code":"871889009","display":"Diphtheria and hepatitis B and inactivated poliomyelitis and acellular pertussis vaccine"},{"code":"865997008","display":"Hepatitis A adult vaccine"},{"code":"871767000","display":"Human papillomavirus 9 vaccine"},{"code":"871739009","display":"Human poliovirus antigen only vaccine product"},{"code":"981000221107","display":"Pneumococcal vaccine"},{"code":"836369007","display":"Virus antigen-containing vaccine product"},{"code":"836401009","display":"Neisseria meningitidis antigen-containing vaccine product"},{"code":"2081000221102","display":"Diphtheria toxoid, Haemophilus influenzae B, hepatitis B surface antigen, acellular pertussis and tetanus toxoid paediatric vaccine"},{"code":"2081000221102","display":"Diphtheria toxoid, Haemophilus influenzae B, hepatitis B surface antigen, acellular pertussis and tetanus toxoid pediatric vaccine"},{"code":"871886002","display":"Diphtheria and Haemophilus influenzae type B and hepatitis B and pertussis and tetanus vaccine"},{"code":"1971000221105","display":"Meningococcus A, C, W135 and Y capsular polysaccharide conjugated vaccine"},{"code":"840551008","display":"Francisella tularensis antigen-containing vaccine product"},{"code":"871875004","display":"Diphtheria and pertussis and tetanus vaccine"},{"code":"871720004","display":"Dengue vaccine"},{"code":"871838009","display":"Low dose diphtheria and inactivated poliomyelitis and tetanus vaccine"},{"code":"836500008","display":"Haemophilus influenzae type B and meningitis C vaccine"},{"code":"836397001","display":"Coxiella burnetii antigen-containing vaccine product"},{"code":"2201000221100","display":"Inactivated rabies virus vaccine grown in brain tissue"},{"code":"2231000221105","display":"Live attenuated measles and rubella vaccine"},{"code":"2101000221107","display":"Diphtheria and acellular pertussis and Haemophilus influenzae type B and hepatitis B and poliomyelitis and tetanus pediatric vaccine"},{"code":"2101000221107","display":"Diphtheria and acellular pertussis and Haemophilus influenzae type B and hepatitis B and poliomyelitis and tetanus paediatric vaccine"},{"code":"871827009","display":"Low dose diphtheria and tetanus vaccine"},{"code":"836383009","display":"Vibrio cholerae antigen-containing vaccine product"}]}]}}