{"resourceType":"ValueSet","id":"ndhm-tobacco-chewing-status","text":{"status":"generated","div":"<div xmlns=\"http://www.w3.org/1999/xhtml\"><ul><li>Include codes from <a href=\"http://www.snomed.org/\"><code>http://snomed.info/sct</code></a> where concept  is-a  228509002 (Finding relating to tobacco chewing)</li></ul></div>"},"url":"https://nrces.in/ndhm/fhir/r4/ValueSet/ndhm-tobacco-chewing-status","version":"2.5.0","name":"TobaccoChewingStatus","title":"Tobacco Chewing Status","status":"draft","date":"2021-03-11","publisher":"National Resource Center for EHR Standards","contact":[{"telecom":[{"system":"url","value":"http://nrces.in/"}]}],"description":"This value set covers : All children (preferred term) of Finding relating to tobacco chewing of the SNOMED CT","jurisdiction":[{"coding":[{"system":"urn:iso:std:iso:3166","code":"IN"}]}],"copyright":"This value set includes content from SNOMED CT, which is copyright © 2002+ International Health Terminology Standards Development Organisation (IHTSDO), and distributed by agreement between IHTSDO and HL7. Implementer use of SNOMED CT is not covered by this agreement","compose":{"include":[{"system":"http://snomed.info/sct","filter":[{"property":"concept","op":"is-a","value":"228509002"}]}]}}